"","Gene_ID","baseMean","log2FoldChange","lfcSE","pvalue","padj","contrast"
"1","AT1G01420",926.70393760241,0.634876058317292,0.104399564925727,7.4687898146744e-11,3.42966828289848e-08,"tpltpr1"
"2","AT1G01560",119.704324669728,-1.43921390357491,0.234252716006459,3.40817453683013e-11,1.81980668292139e-08,"tpltpr1"
"3","AT1G01590",14.8197783072507,1.95635407052722,0.488621835545315,2.65337028305646e-06,0.000241751514678477,"tpltpr1"
"4","AT1G01660",74.7214893684524,-0.511900841200301,0.17974384407661,0.000212208480970388,0.00762252359032294,"tpltpr1"
"5","AT1G02340",44.2893945550385,1.2071087307282,0.256427303244305,1.18494559122606e-07,1.78989149832568e-05,"tpltpr1"
"6","AT1G02930",4709.84501779932,-1.3569732857932,0.237669522118859,4.88309071362295e-10,1.67336959380273e-07,"tpltpr1"
"7","AT1G04050",87.9489534153514,0.647557338646686,0.225894764138627,0.000165794440299002,0.00636561931315231,"tpltpr1"
"8","AT1G04600",77.2752588483548,-1.13172530206979,0.308025225559604,9.10347218394979e-06,0.00066565516351429,"tpltpr1"
"9","AT1G07000",738.789670865483,-0.536155858588928,0.134762585096495,3.78791495922666e-06,0.000316256463504887,"tpltpr1"
"10","AT1G07400",72.14824048121,-2.31438543511156,0.475585187633812,3.92660170685094e-08,6.93498270686905e-06,"tpltpr1"
"11","AT1G07887",193.132139303556,7.27097542469321,0.409809253689756,2.90858129945908e-69,1.33562053271161e-65,"tpltpr1"
"12","AT1G07890",10224.2040890383,-0.625516962420996,0.164417685190933,7.42566645246758e-06,0.000559332167922558,"tpltpr1"
"13","AT1G08430",10.2480860353633,-3.58527276623524,0.634055318139528,1.1070636369112e-09,3.48194261691522e-07,"tpltpr1"
"14","AT1G08650",1835.56376430301,0.737786312093122,0.102195614501002,2.1797266064241e-14,1.9248662647499e-11,"tpltpr1"
"15","AT1G09180",170.371469187693,-0.727661191430511,0.170599417078491,9.64924049255294e-07,0.000108071493516593,"tpltpr1"
"16","AT1G09932",194.226889795462,-1.26235516940415,0.244822727621234,1.0900638597032e-08,2.3611194546024e-06,"tpltpr1"
"17","AT1G10040",117.758380515439,-0.598453431623784,0.149464483573877,3.30082378101143e-06,0.000285988354762349,"tpltpr1"
"18","AT1G10340",215.189875843629,-1.05341991407655,0.315049104720793,3.09481252713707e-05,0.00169992573260926,"tpltpr1"
"19","AT1G10585",538.007755250468,-0.917452598318291,0.270553770196773,2.50791750405145e-05,0.00144315252864715,"tpltpr1"
"20","AT1G11300",199.848400234059,-0.874409825953775,0.18438985577774,9.07483114223153e-08,1.42711043168244e-05,"tpltpr1"
"21","AT1G12080",19.734938610141,-2.01731636882359,0.433054287626174,1.34667182645981e-07,1.95693576807071e-05,"tpltpr1"
"22","AT1G12160",22.6506111355456,-1.30032070503347,0.32545518334475,2.59385339040173e-06,0.000237270413719617,"tpltpr1"
"23","AT1G13245",1168.27102445339,0.514707213912084,0.131274386966329,5.10090133406491e-06,0.000403850671138381,"tpltpr1"
"24","AT1G13470",1467.28722871476,-1.49637834919641,0.262058917536275,4.39200991461015e-10,1.55139304060691e-07,"tpltpr1"
"25","AT1G13550",11.3476446203195,-1.53778382866318,0.520483921702762,0.000124377580753244,0.00508133319233894,"tpltpr1"
"26","AT1G14185",10.7700954664782,-1.62414330212922,0.508740318718609,5.60938682016406e-05,0.00274188375388895,"tpltpr1"
"27","AT1G15750",2463.52073270807,-1.16336314440493,0.0676546029649648,1.10213238479635e-67,4.21749325915405e-64,"tpltpr1"
"28","AT1G16400",485.782575862336,0.650341614458112,0.205569126587644,6.84364935233275e-05,0.00323979771401154,"tpltpr1"
"29","AT1G16410",23964.8086372749,0.677324495047675,0.127206538898217,5.44783528363811e-09,1.33066274587586e-06,"tpltpr1"
"30","AT1G17030",34.0096980417604,-1.32299412046785,0.287677071048736,1.86744055192721e-07,2.56745120193107e-05,"tpltpr1"
"31","AT1G18590",2460.50521239987,0.621311955371963,0.131057620343684,1.24885670034417e-07,1.87410129672563e-05,"tpltpr1"
"32","AT1G19050",70.9966112433497,0.965547928997246,0.294010071272541,3.90451172594055e-05,0.0020608641201746,"tpltpr1"
"33","AT1G19180",891.649087531283,-0.505450007428272,0.1693428674962,0.000132155500533554,0.00527702659521807,"tpltpr1"
"34","AT1G19630",91.5513606984944,-0.717756381306468,0.230230303554464,7.65487115513312e-05,0.0034803136974625,"tpltpr1"
"35","AT1G20390",40.5916966702635,-1.51198326509244,0.387801712882829,3.7112973316504e-06,0.000312129621738803,"tpltpr1"
"36","AT1G20620",96398.3059628278,-0.617580424559316,0.181351836970608,3.01265036263987e-05,0.00166675788737859,"tpltpr1"
"37","AT1G21240",239.537039221068,-0.956261699887202,0.27996786213407,2.49938897492602e-05,0.00144185856442968,"tpltpr1"
"38","AT1G21250",17053.7092410954,-0.528117372445684,0.137630175675256,6.96936368616637e-06,0.0005333886341146,"tpltpr1"
"39","AT1G23840",202.476487726879,-1.12883142884364,0.207964659332727,2.36776648879975e-09,6.62974616863931e-07,"tpltpr1"
"40","AT1G23850",92.8097370071332,-0.559177649232981,0.17814366221857,8.17333905544417e-05,0.00367240439751464,"tpltpr1"
"41","AT1G24140",95.4362665115861,-1.22738030539225,0.188219375170805,3.10797852247043e-12,2.30190925406197e-09,"tpltpr1"
"42","AT1G24260",67.7318896520146,1.00670948342828,0.287949410953045,2.0327802702002e-05,0.00123938014912302,"tpltpr1"
"43","AT1G24470",244.434579187781,-0.50227684341041,0.164457374754983,0.000116134487922439,0.00482178633399493,"tpltpr1"
"44","AT1G25250",252.538407554252,0.598399352500146,0.167908029148006,1.76142662478402e-05,0.00111105371717146,"tpltpr1"
"45","AT1G25430",553.80880061848,1.02822942937628,0.24069126676621,8.32958092362955e-07,9.56235890032673e-05,"tpltpr1"
"46","AT1G26770",346.622644886064,-1.25902976095178,0.249807902879192,2.06443950755662e-08,3.94996092445834e-06,"tpltpr1"
"47","AT1G26820",181.406320215664,-0.5915983227972,0.22069435443835,0.000304378310234025,0.0098707994392277,"tpltpr1"
"48","AT1G27730",217.854478599559,-1.08741769388759,0.242549275383201,3.08545129879735e-07,4.02511146706745e-05,"tpltpr1"
"49","AT1G29170",757.134224990946,0.502822645979336,0.112983707448893,5.22401077973594e-07,6.2470462241009e-05,"tpltpr1"
"50","AT1G32960",220.446785567203,-0.726848898253975,0.275252816937543,0.00029905195792891,0.00973933752347203,"tpltpr1"
"51","AT1G34420",272.787139831477,-0.638914970769557,0.171921338904919,9.58959621024307e-06,0.00069238090876472,"tpltpr1"
"52","AT1G34580",32.24267467325,-1.65766393203796,0.421952922491544,2.81301320605748e-06,0.000249369819347798,"tpltpr1"
"53","AT1G35210",37.7652032765165,-0.996226690131689,0.286996633654745,2.13765533233097e-05,0.00128483158194553,"tpltpr1"
"54","AT1G35710",8484.82643544965,-0.686047001744084,0.215946258690492,6.08774170836511e-05,0.00294883016084521,"tpltpr1"
"55","AT1G47370",19.3711337687468,-1.54073232403905,0.565347219970731,0.00018135338183134,0.00677052625503668,"tpltpr1"
"56","AT1G47395",161.313970344337,1.91078991741203,0.674874528533829,0.000143150049461685,0.0056046682654108,"tpltpr1"
"57","AT1G47510",49.7937605471627,-0.823501367965128,0.309873552118692,0.000245550695192014,0.00854872157629154,"tpltpr1"
"58","AT1G52000",17737.6005482215,0.758509491972308,0.12957529054994,2.20796215761164e-10,8.74048467909711e-08,"tpltpr1"
"59","AT1G52400",117088.455518261,1.0143745630953,0.116936258014077,2.12211288830521e-19,3.04523199471798e-16,"tpltpr1"
"60","AT1G52410",13228.6955596848,0.526201278098062,0.103154947380994,2.32749235223591e-08,4.41646482705261e-06,"tpltpr1"
"61","AT1G52800",98.6564950878734,-1.84758840092399,0.192545713429325,4.90813947011847e-23,9.39090685282667e-20,"tpltpr1"
"62","AT1G53875",329.804439045412,-1.15236172347417,0.19001054322071,5.27924673484645e-11,2.5789681921718e-08,"tpltpr1"
"63","AT1G53887",28.6744855952971,-5.85925103125047,0.714098873108989,1.13258042632139e-16,1.30020232941696e-13,"tpltpr1"
"64","AT1G56120",997.84310021046,-0.74800435752362,0.231985446352213,4.67406952536e-05,0.00236380256172391,"tpltpr1"
"65","AT1G56540",111.889707662703,-0.804935061483716,0.202386861344801,3.01935842731372e-06,0.000264597211798179,"tpltpr1"
"66","AT1G56550",98.5574533030181,-0.956019826083352,0.277073902338744,2.22639321665216e-05,0.0013214295141834,"tpltpr1"
"67","AT1G57630",61.3226107213264,-0.869791748887487,0.268261654581721,4.73061612903375e-05,0.00238714167742011,"tpltpr1"
"68","AT1G58225",260.896974040923,-0.899405430729507,0.289702545230803,6.86460305126395e-05,0.00324220792529512,"tpltpr1"
"69","AT1G58300",36.9785739841885,-1.3748456661359,0.333517470462011,1.57650445751454e-06,0.000160161691789972,"tpltpr1"
"70","AT1G58590",499.824910291331,-0.581678378402398,0.14845584650536,4.20727865147115e-06,0.000343769102625543,"tpltpr1"
"71","AT1G60630",52.4470406683571,-0.643304814671083,0.201843773980732,6.47724219853627e-05,0.0030965498783817,"tpltpr1"
"72","AT1G61170",48.4355077560528,-0.742786235667533,0.20049829879576,9.70297566847016e-06,0.000694019692673131,"tpltpr1"
"73","AT1G62540",1444.81091626667,-0.543692068176974,0.169808476591513,6.41230368282761e-05,0.00307362197406518,"tpltpr1"
"74","AT1G62560",5598.21004845509,0.563664324166245,0.160327191318106,2.29191635212795e-05,0.00134584141802705,"tpltpr1"
"75","AT1G62800",916.82789131535,0.518174522076397,0.142286138354618,1.50547640387353e-05,0.000970947703172364,"tpltpr1"
"76","AT1G65690",258.432228502144,-0.619961859115675,0.20116150806783,9.31118526125858e-05,0.00401851153380633,"tpltpr1"
"77","AT1G65790",1921.26466441253,-0.661850370980704,0.211586913159087,6.87698283806064e-05,0.00324220792529512,"tpltpr1"
"78","AT1G65860",2459.25754625497,0.824574414686439,0.121661501114598,6.57259062830153e-13,5.20367864916562e-10,"tpltpr1"
"79","AT1G66020",12.9164343697696,-1.98815986698192,0.405344590296868,5.20725930001005e-08,8.53990525201648e-06,"tpltpr1"
"80","AT1G66090",95.6846258215128,-1.00962644770609,0.302914857065792,3.61296377374522e-05,0.00193365147424686,"tpltpr1"
"81","AT1G66500",151.576642188353,-0.658987816094831,0.166446179168368,3.5807535884842e-06,0.000306769038774617,"tpltpr1"
"82","AT1G66880",2036.49093326288,-0.696629021529086,0.163714460006328,9.37929374248951e-07,0.000106083046466778,"tpltpr1"
"83","AT1G66960",100.909726764744,-2.3425696984788,0.411822168534003,4.51545957720349e-10,1.57083260443322e-07,"tpltpr1"
"84","AT1G68350",35.180152161252,0.959497420721118,0.355746936143794,0.000240744440330616,0.00842605541157155,"tpltpr1"
"85","AT1G68650",186.221446903657,-1.01343852380448,0.197668994820452,1.35515926727414e-08,2.85453731895544e-06,"tpltpr1"
"86","AT1G72280",132.449856164424,-0.562252240390532,0.180892655585058,8.73542846104721e-05,0.00383759135934485,"tpltpr1"
"87","AT1G72490",9.76671549606066,-3.34162620321226,0.635098709372173,1.18207271862427e-08,2.51299903885308e-06,"tpltpr1"
"88","AT1G72680",1055.31929852807,-0.587824684948296,0.155178334709639,6.23264315037673e-06,0.00048182318765202,"tpltpr1"
"89","AT1G72810",1147.08546877414,0.502027104091262,0.111922351418847,4.47942425885215e-07,5.49987064081526e-05,"tpltpr1"
"90","AT1G73540",76.6813173706598,-1.73118816388469,0.583145850316187,5.78052196150106e-05,0.00281188102195051,"tpltpr1"
"91","AT1G73805",1290.22432848843,-0.5352061503674,0.143778445342732,1.1866189822215e-05,0.000810856304518023,"tpltpr1"
"92","AT1G73810",294.127753232328,-1.13688749418212,0.200807617832972,7.46282117899271e-10,2.483280786517e-07,"tpltpr1"
"93","AT1G74090",2571.57096239165,0.51690288521522,0.121172389300377,1.1641313683835e-06,0.00012667514795301,"tpltpr1"
"94","AT1G74310",328.181767649627,-0.733410935594366,0.252895113355748,0.000143840028842129,0.00561661065002599,"tpltpr1"
"95","AT1G74810",196.082034604092,-0.578573020068206,0.201178375984078,0.000171205649794708,0.00654056858450334,"tpltpr1"
"96","AT1G75040",805.201728821475,-1.10702100103648,0.302042659085116,9.6591537605177e-06,0.000693132456676885,"tpltpr1"
"97","AT1G75390",576.244932456333,0.572870437960387,0.162682645551549,2.22732239542236e-05,0.0013214295141834,"tpltpr1"
"98","AT1G76650",26.203717075242,-1.67989056340978,0.399194605371962,1.07327817291644e-06,0.000118473398318084,"tpltpr1"
"99","AT1G76740",84.688244957396,0.654959574400419,0.21744932112176,0.00011005298763875,0.00461940876816398,"tpltpr1"
"100","AT1G77520",69.1129782357995,-1.06804151510883,0.279042109213855,5.50196679765389e-06,0.000431103434188735,"tpltpr1"
"101","AT1G77690",234.893909103589,0.895777672229717,0.320050982513144,0.000180166912927451,0.00673718619025127,"tpltpr1"
"102","AT1G78370",13143.1484900589,0.889100291232966,0.191601135413164,1.53057220640578e-07,2.16925542339979e-05,"tpltpr1"
"103","AT1G78450",46.0261700961834,1.30833987639859,0.387080425411906,2.11061059488472e-05,0.00127525313838298,"tpltpr1"
"104","AT1G80480",1520.98965302252,-9.81433804026747,0.853612452277489,3.22368586269647e-31,9.25197842593887e-28,"tpltpr1"
"105","AT2G01170",810.427347988228,-1.45503237320127,0.0816386723994808,1.40745470688986e-72,8.07879001754777e-69,"tpltpr1"
"106","AT2G01830",213.347094547928,0.650601575086095,0.14715876147466,5.11048156763085e-07,6.17561351541076e-05,"tpltpr1"
"107","AT2G04100",96.6149383526037,-0.827531117180865,0.25838150587588,5.38759716634559e-05,0.00266019851482354,"tpltpr1"
"108","AT2G04135",15.3176992924759,1.35758892692795,0.45450152215236,9.8110035391017e-05,0.00418522990556116,"tpltpr1"
"109","AT2G04495",137.133791806319,-1.17965845139866,0.202367329435511,2.62432932858391e-10,9.87780350562073e-08,"tpltpr1"
"110","AT2G05665",15.2772223145355,1.43957214827836,0.419864706293955,2.17305682999942e-05,0.00129930689627049,"tpltpr1"
"111","AT2G06002",37.5455331964387,1.73633753934339,0.43726057541102,2.29770279165698e-06,0.000213584032779127,"tpltpr1"
"112","AT2G06950",446.093228611379,1.33904752688657,0.215090243242624,1.6569440457506e-11,1.00114303395878e-08,"tpltpr1"
"113","AT2G07213",3.26145867008463,3.73331022978549,1.18274312840425,9.69857637523946e-05,0.00415446480551302,"tpltpr1"
"114","AT2G08735",10.3155859540902,-2.09835541592968,0.414660275878258,2.5526056346211e-08,4.76486385129272e-06,"tpltpr1"
"115","AT2G13790",2638.40533604382,-0.56573129499749,0.153774899077965,1.21840733346816e-05,0.000825885880098653,"tpltpr1"
"116","AT2G16660",712.190052241641,1.35250185695102,0.511097662286703,0.000240671889313041,0.00842605541157155,"tpltpr1"
"117","AT2G16890",812.906134754971,1.01566392461762,0.258022032440849,3.74600376074909e-06,0.000313898709294887,"tpltpr1"
"118","AT2G17040",472.947786197323,-0.969978554680024,0.231831067364285,1.10241152521774e-06,0.000120530326757139,"tpltpr1"
"119","AT2G17120",1396.81240223809,-0.625913433385756,0.116294110081542,3.89454895437178e-09,1.00470611227389e-06,"tpltpr1"
"120","AT2G17470",24.4040532728806,-2.00664970054778,0.385472530238692,8.77694845435935e-09,1.95649258749603e-06,"tpltpr1"
"121","AT2G17550",677.391240030759,0.639435676372546,0.152388406464407,1.42102032925867e-06,0.000148302848908087,"tpltpr1"
"122","AT2G18660",206.177515427516,-1.34417945103372,0.251832991258152,4.16184008978156e-09,1.05006426880643e-06,"tpltpr1"
"123","AT2G21850",100.021119388546,-0.909276534032797,0.253476447957961,1.26502011023681e-05,0.000846788971750352,"tpltpr1"
"124","AT2G22500",953.86273624577,-0.552731728590992,0.170821951766465,5.29195996519562e-05,0.00261860777588128,"tpltpr1"
"125","AT2G22930",147.852245614566,0.709687121010836,0.249503312864901,0.000177264226959894,0.00663945620065116,"tpltpr1"
"126","AT2G24165",22.1002013210584,-0.932002097067447,0.334127298918404,0.00019780103420274,0.0072548110947203,"tpltpr1"
"127","AT2G24600",454.887272479685,-0.853409028209369,0.259674986638451,3.6022781836327e-05,0.00193243708168707,"tpltpr1"
"128","AT2G25420",390.228862999874,0.971667037144768,0.0878072108494757,9.08664806718468e-30,2.31810488469511e-26,"tpltpr1"
"129","AT2G25640",241.062118590072,0.587351117688673,0.129904980985559,3.41355474038868e-07,4.40310206962495e-05,"tpltpr1"
"130","AT2G26150",65.164437349958,-1.84544768226709,0.413879480517325,2.4857166262613e-07,3.29896264387049e-05,"tpltpr1"
"131","AT2G26440",2675.54059514891,-0.672005325339534,0.245491894083903,0.000232999979802994,0.00822853815434688,"tpltpr1"
"132","AT2G28160",62.6353664074924,-0.948708660261585,0.203321947218665,1.3304950241081e-07,1.9458007393352e-05,"tpltpr1"
"133","AT2G28510",954.194609896281,0.501251729087292,0.148027437874952,3.82336547329287e-05,0.00202735499461442,"tpltpr1"
"134","AT2G29500",129.214274633664,-2.66876337338767,0.548685847121039,4.24524863304934e-08,7.27394840409052e-06,"tpltpr1"
"135","AT2G30250",841.098624601196,-0.690221708592022,0.137575529158179,2.62523679268835e-08,4.82203494080997e-06,"tpltpr1"
"136","AT2G31880",4328.47117134525,-0.825276628891456,0.144472416430408,5.56000770421321e-10,1.87732024836376e-07,"tpltpr1"
"137","AT2G32160",3110.35166966412,-0.693026205438075,0.128291180616201,4.14997692671457e-09,1.05006426880643e-06,"tpltpr1"
"138","AT2G32590",76.5609863624911,0.515015243245085,0.169142207028864,0.000118403829346225,0.00488652891362741,"tpltpr1"
"139","AT2G32680",666.522958499651,-1.74064254565357,0.239703345093564,1.86181306341415e-14,1.70988911743956e-11,"tpltpr1"
"140","AT2G33020",85.3515721882412,-1.30099454724088,0.382940028162101,2.45491567996765e-05,0.00142335515181963,"tpltpr1"
"141","AT2G33080",83.0557377206672,-1.62549885505054,0.365472040938029,2.81483699885707e-07,3.71429066056083e-05,"tpltpr1"
"142","AT2G33175",13.6015903961248,2.35929626775116,0.409397438386081,4.21035113595949e-10,1.51046347002547e-07,"tpltpr1"
"143","AT2G33580",481.299600976412,-0.635502557094794,0.122658093823575,1.17110503965645e-08,2.51295062715067e-06,"tpltpr1"
"144","AT2G34150",843.73726298017,-0.576950242863916,0.169899893457932,3.21205120162953e-05,0.00175592132355748,"tpltpr1"
"145","AT2G34655",656.739907085733,0.978421418062171,0.1652350732018,1.30966032542219e-10,5.67354737201763e-08,"tpltpr1"
"146","AT2G34940",155.884356957295,-1.70920995205447,0.215933067688259,1.07239588481143e-16,1.29590576396161e-13,"tpltpr1"
"147","AT2G36355",107.892885683496,-0.525004090719808,0.17283756460265,0.000115009755947471,0.00478373912419189,"tpltpr1"
"148","AT2G36885",24.2534595869726,-1.01069200566882,0.384746101728575,0.000289225369258195,0.00952742392850525,"tpltpr1"
"149","AT2G37900",292.337775448414,-0.839841877842832,0.232117331162129,1.03655466628571e-05,0.000732286004243691,"tpltpr1"
"150","AT2G38070",57.2710586098006,1.30554842714725,0.328465259611023,2.72534818983385e-06,0.000244375131018526,"tpltpr1"
"151","AT2G38120",1129.03013539174,0.531417908912162,0.15941419073218,4.37896783914152e-05,0.00223660349227273,"tpltpr1"
"152","AT2G38470",1284.53027913764,-0.777190737288742,0.162885069280695,8.13513145048257e-08,1.28815598691779e-05,"tpltpr1"
"153","AT2G38790",437.4219466777,-0.674427613970974,0.167358366089207,2.51666869608398e-06,0.000232059089405977,"tpltpr1"
"154","AT2G39330",12833.7411193868,0.629819940527377,0.167090003788511,8.13609096167815e-06,0.000604545787961587,"tpltpr1"
"155","AT2G39700",1674.91294069657,0.553513337568116,0.160348762770715,2.67785037191513e-05,0.00150953963377754,"tpltpr1"
"156","AT2G41370",133.528653055519,0.512668779968347,0.188745715572029,0.000299036120010958,0.00973933752347203,"tpltpr1"
"157","AT2G41640-AT2G41650",235.893752519558,0.714748267107365,0.198091385763258,1.36272559983154e-05,0.000891401133109176,"tpltpr1"
"158","AT2G43100",3523.47879745626,0.791319622278333,0.178129441614898,4.23599150687277e-07,5.25720891879994e-05,"tpltpr1"
"159","AT2G43530",8771.90444221922,0.679680518534874,0.111764532834861,7.7464020933224e-11,3.48739984436632e-08,"tpltpr1"
"160","AT2G43550",1045.1833129396,0.540144660765092,0.172382556420988,8.65071772457402e-05,0.003834372180622,"tpltpr1"
"161","AT2G44400",20.6776026311504,-1.26614354440879,0.352699826885095,1.35202858084179e-05,0.000886930749032212,"tpltpr1"
"162","AT2G46070",390.861432066938,-0.768215680553683,0.1924541483168,2.79323681076606e-06,0.000248576423159646,"tpltpr1"
"163","AT2G46970",43.6766159925307,1.30925807670147,0.279484208392852,1.30005900299475e-07,1.92576481991997e-05,"tpltpr1"
"164","AT2G47130",412.244293446047,-1.28032263433053,0.216971434123267,1.54354760562909e-10,6.44360964095342e-08,"tpltpr1"
"165","AT2G47180",390.129009033714,-1.11926956435736,0.191439542068971,2.18514125794284e-10,8.74048467909711e-08,"tpltpr1"
"166","AT2G47730",1410.35779382499,-1.06531563250639,0.145454918182329,1.17254642491839e-14,1.12173607983859e-11,"tpltpr1"
"167","AT3G00400",49.8798020351947,-1.40635116965681,0.405251405187593,1.82054396046677e-05,0.0011404519174958,"tpltpr1"
"168","AT3G00850-AT3G48630",117.015434186293,-0.945874081776925,0.259451693328853,1.14835794078332e-05,0.000794165612059791,"tpltpr1"
"169","AT3G01830",18.8261181347607,-1.30300860192725,0.449041997505954,0.000136431898418293,0.00539152562424099,"tpltpr1"
"170","AT3G03190",624.979865906949,0.676220451627703,0.134348704508978,2.53751185971668e-08,4.76486385129272e-06,"tpltpr1"
"171","AT3G05470",26.5640498492942,-0.927629966919451,0.299092063949397,7.44695520154902e-05,0.00341544787732312,"tpltpr1"
"172","AT3G07195",96.6988197293539,-0.970810619080077,0.238431562314009,1.88372061984589e-06,0.000182922854440617,"tpltpr1"
"173","AT3G08770",59.0016097990974,-1.74482476731233,0.555665283331809,4.94695178438045e-05,0.00247852653932111,"tpltpr1"
"174","AT3G09350",392.166794540805,-0.553031531526833,0.193321192552823,0.000187439129171079,0.00695250792531175,"tpltpr1"
"175","AT3G09450",25.903676349968,-1.56750355352411,0.532412791311373,8.46837926052996e-05,0.00376810053918155,"tpltpr1"
"176","AT3G10020",797.221626992819,-1.00926978282359,0.24231789455971,1.2768573517426e-06,0.000136356487423303,"tpltpr1"
"177","AT3G11010",2806.30749279027,-0.895279311165272,0.207356991062462,7.05331666634536e-07,8.22051526189287e-05,"tpltpr1"
"178","AT3G11040",115.322243309667,-0.518910594864728,0.163755007960432,7.72311611914958e-05,0.00350440209675246,"tpltpr1"
"179","AT3G11080",95.8964614949925,-1.12803186901835,0.238423332391663,9.69015688764654e-08,1.49319464523735e-05,"tpltpr1"
"180","AT3G11402",79.9876691857369,-1.22789538270063,0.318520019708901,3.86275405192593e-06,0.000321336351566013,"tpltpr1"
"181","AT3G12520",975.18190818609,0.513598887743551,0.0810902469982634,1.57926908419718e-11,9.80000491166685e-09,"tpltpr1"
"182","AT3G12920",575.488850527465,0.639176816427771,0.125066744619317,1.70781414684258e-08,3.40968807056571e-06,"tpltpr1"
"183","AT3G13950",59.9811894474171,-1.01317606147155,0.285688174427055,1.51640246342666e-05,0.000973373714539884,"tpltpr1"
"184","AT3G14395",56.6900585545278,1.01521757389298,0.281096396922358,1.23076573586227e-05,0.000826268458929755,"tpltpr1"
"185","AT3G14940",197.889237578726,0.547201656597816,0.149719495418906,1.29825999981018e-05,0.000864001437554832,"tpltpr1"
"186","AT3G15536",60.1114827099564,-0.962827081359172,0.27783391039839,2.20467337253592e-05,0.00131478702943961,"tpltpr1"
"187","AT3G16180",544.681694386911,0.616227536540524,0.117607148158843,8.13361259403937e-09,1.86747745159144e-06,"tpltpr1"
"188","AT3G16670",95.8433869496406,-1.59004175725422,0.55911820883293,0.000112933888425076,0.00471447650589044,"tpltpr1"
"189","AT3G16830",2814.49295084182,0.746339048071,0.0544670656983399,5.63959758517425e-44,1.84978800793715e-40,"tpltpr1"
"190","AT3G20100",3242.09175726157,1.10437522114616,0.185109118102402,1.25448590133621e-10,5.53903774897682e-08,"tpltpr1"
"191","AT3G20510",459.191760592384,-0.500068699237397,0.145889499517805,3.27279250854879e-05,0.00177643773040852,"tpltpr1"
"192","AT3G20960",100.622550157805,-0.81439176011315,0.221086027668148,9.94743549005078e-06,0.000707099439168935,"tpltpr1"
"193","AT3G21420",122.154712301847,0.546390862123432,0.194839373665178,0.000235840006857236,0.00829232244631261,"tpltpr1"
"194","AT3G23170",146.530556570512,-1.10661117889471,0.224029836957822,3.18659590441401e-08,5.76096393427918e-06,"tpltpr1"
"195","AT3G23560",227.836264723667,-0.61199991545202,0.119098250378322,1.4738547422664e-08,3.07633680749422e-06,"tpltpr1"
"196","AT3G24900",45.9778060354853,-2.05887236784484,0.354893333716936,2.89282624889004e-10,1.07127888184702e-07,"tpltpr1"
"197","AT3G25010",901.061141854293,-1.02073076242144,0.212890407987659,7.07506344154974e-08,1.14396800435199e-05,"tpltpr1"
"198","AT3G25020",1094.59835867621,-0.654427683964685,0.18723374565092,2.03504493126907e-05,0.00123938014912302,"tpltpr1"
"199","AT3G25590",282.356577169061,0.549754014466293,0.157142435823782,2.45153896062239e-05,0.00142335515181963,"tpltpr1"
"200","AT3G25717",521.869915298881,1.14725090428383,0.236419030924489,5.00549635679512e-08,8.3279852428997e-06,"tpltpr1"
"201","AT3G26210",829.445406700496,-0.896439733591263,0.267913546729875,3.96366114703073e-05,0.00208728577834462,"tpltpr1"
"202","AT3G26520",4035.26670881929,0.846930144879976,0.201343827325876,1.2113095868982e-06,0.000131017148498166,"tpltpr1"
"203","AT3G27170",496.787167166999,0.652390200380752,0.146484472476265,4.14375278936121e-07,5.17326811619633e-05,"tpltpr1"
"204","AT3G28220",9484.31683714224,1.31531318708548,0.174059569867266,2.04678659275958e-15,2.2378200080838e-12,"tpltpr1"
"205","AT3G28540",7156.8825517661,-0.530279476975535,0.179824804448532,0.000156224061525148,0.00604874275314908,"tpltpr1"
"206","AT3G28840",81.6418703725382,-0.672083574963856,0.233133381712054,0.000158781560016369,0.00612710019827872,"tpltpr1"
"207","AT3G28890",219.208158844934,-1.29204945866198,0.200778021629835,5.64492454895672e-12,3.92749901951655e-09,"tpltpr1"
"208","AT3G29000",51.5803352440738,-1.08523438423976,0.323186658843299,2.95510916303959e-05,0.00163887213486447,"tpltpr1"
"209","AT3G29250",77.9298227102328,-2.05450039290797,0.368929714442454,8.97028234231254e-10,2.90081243069713e-07,"tpltpr1"
"210","AT3G29644",77.7916803859782,2.32584939879984,0.236677992670446,4.67509549341378e-24,9.75819932079821e-21,"tpltpr1"
"211","AT3G30122",33.8619830737993,2.46158123563374,0.331263826731138,4.7721050685631e-15,4.76380575540038e-12,"tpltpr1"
"212","AT3G30720",532.536236085591,2.69361099541826,0.325873610461548,2.3387044494089e-18,2.98314745324602e-15,"tpltpr1"
"213","AT3G43190",42.5219217999548,-2.0024770999427,0.342793501821025,2.38082537965346e-10,9.11062511947391e-08,"tpltpr1"
"214","AT3G43670",1505.86171108691,-0.888861567582519,0.292367494352099,6.96279452666749e-05,0.00326223457870148,"tpltpr1"
"215","AT3G44350",17.7880421661573,-1.57628667361804,0.431390054715209,1.09418005138438e-05,0.00076826831742463,"tpltpr1"
"216","AT3G44400",525.671073898992,-0.522387652586797,0.139327300811062,9.29224834543159e-06,0.00067515829750351,"tpltpr1"
"217","AT3G45680",30.4580085385035,-1.47829608726031,0.272062982935802,2.59009749070636e-09,7.07523903843249e-07,"tpltpr1"
"218","AT3G45730",131.124072512333,-1.24334122323823,0.244528130457493,1.63497520188294e-08,3.35169916386002e-06,"tpltpr1"
"219","AT3G46110",206.202757933939,-0.593255236419799,0.153089658786953,5.29955789045694e-06,0.000418136938710967,"tpltpr1"
"220","AT3G46130",700.741005888541,0.804937727036011,0.151237022015613,5.03612824365623e-09,1.24332800510051e-06,"tpltpr1"
"221","AT3G46370",647.522109903706,-0.623295025879073,0.20232563105728,8.69274856447345e-05,0.00383759135934485,"tpltpr1"
"222","AT3G47070",3348.65506067592,-0.600757210988069,0.184117736347727,4.79995067097472e-05,0.00241681726766622,"tpltpr1"
"223","AT3G47340",264.974226768173,-1.37194726848633,0.389751973241031,1.55882120167199e-05,0.000994181521955244,"tpltpr1"
"224","AT3G48080",791.034664176948,-0.947982445403498,0.218074733410851,6.23744832775496e-07,7.3441955695002e-05,"tpltpr1"
"225","AT3G48260",57.3906357945782,1.20702926231898,0.210431321489199,3.96189747933371e-10,1.44389152580162e-07,"tpltpr1"
"226","AT3G48280",154.755582507053,-0.647097043769409,0.160822207604005,2.69125707820616e-06,0.00024418729960162,"tpltpr1"
"227","AT3G48300",15.5898769804219,-1.89981952423966,0.518737997096686,1.13378830974043e-05,0.000789622312152381,"tpltpr1"
"228","AT3G48640",50.1499264520598,-1.056370992705,0.258311190350898,1.88818451665619e-06,0.000182922854440617,"tpltpr1"
"229","AT3G48650",146.1934662926,-1.43395595981754,0.236192555673178,6.27338955141045e-11,2.93953110408947e-08,"tpltpr1"
"230","AT3G49120",26329.2947540046,-0.884089181097564,0.276784384909871,4.38358698398401e-05,0.00223660349227273,"tpltpr1"
"231","AT3G49680",4386.95306651702,0.572287451478913,0.12834488943087,4.2925102605154e-07,5.29871159039966e-05,"tpltpr1"
"232","AT3G50480",2798.23819694685,-0.704205099063644,0.151258188780311,1.47289207930592e-07,2.11360013380399e-05,"tpltpr1"
"233","AT3G51330",574.00163337285,-0.662052172957198,0.236340866800844,0.000215258622322213,0.00769834574535515,"tpltpr1"
"234","AT3G52400",380.030318081497,-0.889073972007067,0.273396432074612,4.38135645972634e-05,0.00223660349227273,"tpltpr1"
"235","AT3G53235",40.9044458971808,-0.723714197812214,0.266831451199536,0.000243233942593686,0.00850023032260431,"tpltpr1"
"236","AT3G53760",170.909046870258,0.565609291716463,0.180438490708502,7.98242938956841e-05,0.00359625803893856,"tpltpr1"
"237","AT3G56710",968.961364283178,-0.64389656352471,0.229098658427803,0.000175143613824641,0.00658270166126737,"tpltpr1"
"238","AT3G57460",222.282554766395,-1.30671536391173,0.266104450528136,4.48925889276679e-08,7.57892530720041e-06,"tpltpr1"
"239","AT3G58990",3404.76470833912,0.556514997424767,0.177414288461702,7.98820383213704e-05,0.00359625803893856,"tpltpr1"
"240","AT3G60170",18.3793391159827,4.06997417028451,0.742646544382922,1.80042445888512e-09,5.1672181970003e-07,"tpltpr1"
"241","AT3G60415",1568.01827444525,-0.54120323822622,0.148535538262595,1.40949214963548e-05,0.000916768831604268,"tpltpr1"
"242","AT3G60470",11.1051049197457,-2.23430366430315,0.520191266292026,7.22143111047574e-07,8.37394233820824e-05,"tpltpr1"
"243","AT3G60710",37.8882803836175,0.732300207775731,0.276276984852196,0.000305868041492346,0.00990512021532337,"tpltpr1"
"244","AT3G61490",450.850384971782,-0.51833380914548,0.0983757777702319,7.76822465005038e-09,1.80160038348643e-06,"tpltpr1"
"245","AT3G62690",381.153501007951,0.507592986964671,0.109823519260973,2.28636366553333e-07,3.08793586827325e-05,"tpltpr1"
"246","AT4G00700",332.060112338759,-1.3980929782292,0.272896423082656,1.06042434779424e-08,2.31879457384341e-06,"tpltpr1"
"247","AT4G00780",3767.3574408818,-0.723136628735086,0.14551224253676,3.37484119218552e-08,6.00669409089764e-06,"tpltpr1"
"248","AT4G00955-AT4G00960",44.5882514685456,-1.05217862855639,0.379664024504287,0.000186327138533694,0.00692244514681814,"tpltpr1"
"249","AT4G01540",984.496118252535,0.635819480049723,0.172496550825269,1.11218300246565e-05,0.000778528101725956,"tpltpr1"
"250","AT4G02420",876.24499489353,-0.557605706817492,0.125415493080615,4.97746124499697e-07,6.04669366058891e-05,"tpltpr1"
"251","AT4G02825",517.16344728374,0.685554496499828,0.230534907082466,0.000114739471106269,0.00478115836043546,"tpltpr1"
"252","AT4G03060",4614.92477221103,0.761762568255914,0.124947993515975,5.68173454625339e-11,2.71776302462454e-08,"tpltpr1"
"253","AT4G03450",261.123371953093,-1.35034284522871,0.260055494083034,8.75026997802621e-09,1.95649258749603e-06,"tpltpr1"
"254","AT4G04410",2010.1625640308,1.36340699658108,0.225008503600179,5.19792978414961e-11,2.5789681921718e-08,"tpltpr1"
"255","AT4G04490",218.153366377014,-0.814283457510275,0.268821523282247,9.11229487770246e-05,0.00394793124642949,"tpltpr1"
"256","AT4G04500",112.600646232404,-1.51796139726451,0.293007501718818,8.51728614731768e-09,1.93620683111301e-06,"tpltpr1"
"257","AT4G04510",29.1504475776609,-1.19196484861691,0.421831342400689,0.000176633539629658,0.00662664390506038,"tpltpr1"
"258","AT4G04540",39.9012428103685,-1.08155627348979,0.374222606548837,0.000135154531983545,0.00535949577606595,"tpltpr1"
"259","AT4G04610",10806.6343486835,0.517215041497889,0.0918739919948049,1.23995261281233e-09,3.82016601686826e-07,"tpltpr1"
"260","AT4G04810",135.998881962622,0.702463126709598,0.204037967237167,2.52647592439571e-05,0.00144421428742193,"tpltpr1"
"261","AT4G04830",810.972325644123,0.559430369615643,0.153484505054692,1.31338465652838e-05,0.000871540800979524,"tpltpr1"
"262","AT4G04845",98.0579345133836,1.42975028717444,0.300340011897182,7.48516550781325e-08,1.20181398642932e-05,"tpltpr1"
"263","AT4G04865",28.0904074883141,1.37461765193107,0.352871651499497,3.90056456668846e-06,0.000322147346946644,"tpltpr1"
"264","AT4G05520",138.852053011689,0.618053137461592,0.134889834347861,2.45805948268141e-07,3.28122358850961e-05,"tpltpr1"
"265","AT4G06065",44.3387081022365,1.21394428234726,0.466550685737522,0.000294002303148949,0.00965707135951342,"tpltpr1"
"266","AT4G08470",2537.39014434653,-0.599462470935139,0.164703652480582,1.33809163102466e-05,0.000880303262129691,"tpltpr1"
"267","AT4G09770",9.93090744483549,-2.57490967535948,0.613441370384607,2.23207237457267e-06,0.000208326754960115,"tpltpr1"
"268","AT4G09970",253.606016694062,0.500940532189487,0.149313458422985,4.20462439481593e-05,0.00217428324560752,"tpltpr1"
"269","AT4G10500",174.784882439222,-2.28941669425782,0.338808952393331,5.88645798089558e-13,4.82689554433437e-10,"tpltpr1"
"270","AT4G11000",162.744026747875,-0.894010690034218,0.346560081353493,0.00029131622826545,0.0095825510042618,"tpltpr1"
"271","AT4G11320",630.382485543976,-0.901676752426672,0.245033606021708,9.83324058970965e-06,0.000701152807266253,"tpltpr1"
"272","AT4G11890",554.05539434155,-1.47047308512129,0.154560766320608,8.64823028427155e-23,1.52741051789904e-19,"tpltpr1"
"273","AT4G12030",2908.37486260148,0.571551498712703,0.136113775247008,1.40859383197275e-06,0.000147677234621435,"tpltpr1"
"274","AT4G12720",1729.67320451677,-0.549967111719664,0.125720504919558,5.57748758489523e-07,6.63518730306707e-05,"tpltpr1"
"275","AT4G13900",1665.19323500615,-0.615213235193881,0.14384459600978,9.61572874681485e-07,0.000108071493516593,"tpltpr1"
"276","AT4G14040",11840.4267434209,0.65020054270392,0.146027691611441,5.20825019100989e-07,6.2470462241009e-05,"tpltpr1"
"277","AT4G14365",993.962431251363,-1.12158611535793,0.202204971499681,1.33156143914147e-09,4.0227171898274e-07,"tpltpr1"
"278","AT4G14390",106.181907078757,-1.41481240223922,0.371384151400149,3.6886316313141e-06,0.000311363905349161,"tpltpr1"
"279","AT4G14480",203.624113570756,-0.834634562898718,0.163750175629522,1.65671470285252e-08,3.36620969712335e-06,"tpltpr1"
"280","AT4G15690",35.4275563425138,1.11070989340593,0.402419127086215,0.000195373664140638,0.00720028784698083,"tpltpr1"
"281","AT4G16370",11770.1836350204,0.728900519894252,0.268235836577866,0.000232432480629387,0.00822853815434688,"tpltpr1"
"282","AT4G16590",1010.5443065548,1.48523142925485,0.59012729405242,0.000229238984277901,0.00816019702173737,"tpltpr1"
"283","AT4G17460",202.678653416998,0.748980740788921,0.198510556099268,7.17559074374924e-06,0.000545534978398949,"tpltpr1"
"284","AT4G17470",425.843324952519,-0.721853606806777,0.212739421474444,2.77017347223946e-05,0.00154752269884715,"tpltpr1"
"285","AT4G17480",37.8461152284861,-1.19599238856946,0.373388949057997,5.03905883538431e-05,0.00251514762740052,"tpltpr1"
"286","AT4G17980",59.1032154589626,1.09470686249934,0.333456118703452,3.97929870984306e-05,0.00209072536334089,"tpltpr1"
"287","AT4G18970",84.7805177863967,-1.35275487806282,0.466347073389511,0.000105008312100135,0.00443196846657921,"tpltpr1"
"288","AT4G20320",227.242913278027,0.788984620139182,0.244031004570713,5.08807683996788e-05,0.00252862000531737,"tpltpr1"
"289","AT4G21650",3867.37674940741,-0.685263499148107,0.200125182325147,2.70852208431105e-05,0.00152048085710958,"tpltpr1"
"290","AT4G21840",26.29847123853,-1.42321598037494,0.389616254545555,1.01964207846767e-05,0.000722561176593137,"tpltpr1"
"291","AT4G22530",231.81674227641,-0.570236361169396,0.141219533505818,2.71788745542977e-06,0.000244375131018526,"tpltpr1"
"292","AT4G23140",1553.99755484331,-1.39337074399361,0.275694365903584,1.6731625978795e-08,3.36980817958888e-06,"tpltpr1"
"293","AT4G23150",240.150769973324,-0.961000322097122,0.317289943646184,8.67625535643154e-05,0.00383759135934485,"tpltpr1"
"294","AT4G23180",2453.76724787661,-0.5169225533746,0.173645286613276,0.000135811761266939,0.00537627248049814,"tpltpr1"
"295","AT4G23200",231.167751820623,-1.36144690598798,0.216872169380427,1.78965470413804e-11,1.02726180017524e-08,"tpltpr1"
"296","AT4G23220",864.59748177194,-0.850455184616185,0.168775153772676,2.06358046712565e-08,3.94996092445834e-06,"tpltpr1"
"297","AT4G23230",344.177414867647,-0.611431049275332,0.153749148591965,3.49187915017252e-06,0.000301404305593839,"tpltpr1"
"298","AT4G23310",69.0192725876071,-1.96333208451276,0.291536277568488,7.54697474644131e-13,5.77595133927642e-10,"tpltpr1"
"299","AT4G23320",228.116736807499,-1.32766247564296,0.176712791867811,2.75444523679302e-15,2.87463921076217e-12,"tpltpr1"
"300","AT4G23610",125.74452931345,-0.998786890005413,0.219271274322669,2.35624063070302e-07,3.16370087023049e-05,"tpltpr1"
"301","AT4G24540",792.215590896792,0.670713444661351,0.105926007230937,1.40718618724617e-11,8.97472079421449e-09,"tpltpr1"
"302","AT4G25070",166.197453363526,-1.46767533151709,0.27898314285191,6.10404295924994e-09,1.45988360775394e-06,"tpltpr1"
"303","AT4G25780",84.461628833652,0.595945527925818,0.193467255257749,9.39862631826672e-05,0.0040486390294072,"tpltpr1"
"304","AT4G26090",507.653301218476,-0.721344303965054,0.114857841229195,1.77961981697685e-11,1.02726180017524e-08,"tpltpr1"
"305","AT4G26140",184.393031530052,-0.671896462120147,0.242636988549746,0.000216894872157428,0.00774479978963383,"tpltpr1"
"306","AT4G27280",177.271096780579,-0.633903998906679,0.167005594065921,7.30946808930631e-06,0.000553879166107171,"tpltpr1"
"307","AT4G27370",101.04195368876,0.74131703583307,0.173108377766828,8.93422983130519e-07,0.000101549463825132,"tpltpr1"
"308","AT4G27740-AT4G27745",110.322960313165,-0.504606762984606,0.14121744158186,1.92595058226194e-05,0.00118759863374294,"tpltpr1"
"309","AT4G27860",1055.30592989527,0.534190767850731,0.122970566627368,8.24010443499699e-07,9.50717577022768e-05,"tpltpr1"
"310","AT4G28490",1370.24289586804,-0.660685781740953,0.169899537536774,4.77949824927394e-06,0.000379724528384969,"tpltpr1"
"311","AT4G30110",950.602459582787,1.01561420409298,0.246771974429569,1.44182930980834e-06,0.000149118923212611,"tpltpr1"
"312","AT4G32690",209.859799629246,-0.528253025032811,0.192647842759988,0.000271619245368213,0.00911836973118381,"tpltpr1"
"313","AT4G32980",1315.83054017719,0.689832445215985,0.143741632666891,7.79122352226089e-08,1.24226730604938e-05,"tpltpr1"
"314","AT4G33050",2049.43166543006,-0.795258255114681,0.171780953586495,1.72234734226944e-07,2.38223463725942e-05,"tpltpr1"
"315","AT4G33810",127.279765559265,-0.903927086833898,0.219600381721666,1.64224995198711e-06,0.000165377451305368,"tpltpr1"
"316","AT4G37370",314.522653716169,-0.868264177256835,0.138909029178059,2.08667062556531e-11,1.16853555031657e-08,"tpltpr1"
"317","AT4G37540",259.569937945072,0.861053989570299,0.277793633737597,7.52421153406188e-05,0.00342769636551708,"tpltpr1"
"318","AT4G37580",164.451829727862,0.588833876496765,0.204471700638811,0.000174130525242508,0.00657571851902629,"tpltpr1"
"319","AT4G37800",5296.17072270797,1.13917118259057,0.243771316147531,1.27202237688974e-07,1.8964697255447e-05,"tpltpr1"
"320","AT4G37990",233.952240165298,-1.07011035156035,0.397859315881729,0.000234662691361619,0.00826358189212081,"tpltpr1"
"321","AT4G38560",122.947198231594,-1.44172292291946,0.269753563565881,3.88227427969887e-09,1.00470611227389e-06,"tpltpr1"
"322","AT4G38620",663.001199063259,0.786845429892067,0.145002075740466,2.61931758826987e-09,7.07523903843249e-07,"tpltpr1"
"323","AT4G39940",5263.080714085,0.5078957208937,0.127450641750271,3.61180554320767e-06,0.000308270448576921,"tpltpr1"
"324","AT5G02170",11.372133315265,-1.45789993354646,0.549327863113973,0.000262297095117775,0.00893522448650463,"tpltpr1"
"325","AT5G02260",479.50503944068,0.965999706013267,0.207090524909667,1.38894242563352e-07,2.00566780456262e-05,"tpltpr1"
"326","AT5G03495",140.898752940781,-0.68752033471815,0.19887490566684,2.4647041603773e-05,0.00142543091995624,"tpltpr1"
"327","AT5G04355",17.4449802319933,2.28856463349786,0.431283628488234,7.18372472866391e-09,1.68304407928697e-06,"tpltpr1"
"328","AT5G04370",29.3909979508318,-1.5701663765908,0.452203055246809,1.5991610789304e-05,0.00101708416543607,"tpltpr1"
"329","AT5G05240",73.89433683944,0.565210566118044,0.190425412064496,0.000137556241764334,0.00542661737269608,"tpltpr1"
"330","AT5G05320",64.9586120703225,-1.0804612452274,0.242457771039671,3.87088245262146e-07,4.91024647028667e-05,"tpltpr1"
"331","AT5G05340",276.688275113746,1.08630483240359,0.39983056543842,0.000200909066926234,0.00734654636711022,"tpltpr1"
"332","AT5G05600",4784.61228521802,0.564503069026086,0.205171852509427,0.000249015863970548,0.00861415698779072,"tpltpr1"
"333","AT5G07030",456.771898920765,-0.569467404002341,0.18603737253825,0.000102003859278176,0.00432903624589079,"tpltpr1"
"334","AT5G07690",2235.95375238223,1.04985166836564,0.123786514536108,8.54719282749671e-19,1.15437380776073e-15,"tpltpr1"
"335","AT5G07700",335.840462640141,0.792554562969578,0.142785190369679,1.44383871373361e-09,4.30526452822385e-07,"tpltpr1"
"336","AT5G07770",700.907113962068,-0.737110013312244,0.155909200304986,1.05500385591459e-07,1.61485923545327e-05,"tpltpr1"
"337","AT5G07780",21.8044485056953,-1.73098312160395,0.339330742569665,1.57510312348581e-08,3.2580511455166e-06,"tpltpr1"
"338","AT5G08000",101.295165504557,0.796724703321159,0.22854147426725,2.09975339185323e-05,0.00127204057722823,"tpltpr1"
"339","AT5G08275",94.5197287748738,-1.18705387426076,0.329703495541422,1.13491011764062e-05,0.000789622312152381,"tpltpr1"
"340","AT5G09440",797.79927431245,0.74560278395791,0.213142144360057,2.03218542874787e-05,0.00123938014912302,"tpltpr1"
"341","AT5G10380",1605.69146034736,-0.568066147173717,0.143112348058758,3.62513158169724e-06,0.000308270448576921,"tpltpr1"
"342","AT5G10760",5361.56469777817,-0.667808696788899,0.233981172054602,0.000171795116988727,0.00655218585724447,"tpltpr1"
"343","AT5G12930",66.7222064274196,-0.710459216537387,0.239063235178861,0.000121669134947916,0.00499735838712728,"tpltpr1"
"344","AT5G12940",116.871665235853,-0.94044627481593,0.355560587160935,0.000251861069571503,0.00866976035586461,"tpltpr1"
"345","AT5G13680",1413.91758991971,-0.575768981338217,0.178754544326248,6.17007569320764e-05,0.002982419745601,"tpltpr1"
"346","AT5G13710",1445.40769251379,0.554727867664575,0.186692101898471,0.000129126029554088,0.00522880712268407,"tpltpr1"
"347","AT5G14200",9162.48310568173,0.712001057031609,0.150442804890146,1.1468425516473e-07,1.74380827720676e-05,"tpltpr1"
"348","AT5G17700",244.815620437555,-0.75763758749811,0.223207426805175,2.55830213226207e-05,0.00145121465718139,"tpltpr1"
"349","AT5G17780",34.2670559886078,-1.4537149293078,0.301671735279446,6.38335319937219e-08,1.03944531530202e-05,"tpltpr1"
"350","AT5G19600",9.76087007698138,-3.19507186472076,0.511042268026141,4.09095542327447e-11,2.08729636707515e-08,"tpltpr1"
"351","AT5G22380",58.225665399806,-1.69030111318025,0.272401233840047,2.43526789382909e-11,1.3312797819599e-08,"tpltpr1"
"352","AT5G22520",23.0247953090616,-1.51988432694041,0.44341185052552,2.52211463718547e-05,0.00144421428742193,"tpltpr1"
"353","AT5G22540",57.3186056417356,-0.843727033770426,0.230305070604246,1.13880727913518e-05,0.000789940034107064,"tpltpr1"
"354","AT5G22545",130.078834798039,-1.228066019751,0.248835308869619,3.2392957456485e-08,5.81048674375699e-06,"tpltpr1"
"355","AT5G22570",158.10710110805,-1.26304476186408,0.373265541215858,1.8708635125144e-05,0.00116725614802529,"tpltpr1"
"356","AT5G23010",27621.5957481162,0.583452712820371,0.140913315991275,1.85138511499446e-06,0.000180884264852224,"tpltpr1"
"357","AT5G23980",290.438274842875,0.688504628134735,0.234995732505081,0.000129366682347911,0.00522932927237329,"tpltpr1"
"358","AT5G24210",1100.62208973464,-0.898346154004173,0.28222977032963,5.61378989413023e-05,0.00274188375388895,"tpltpr1"
"359","AT5G24380",1490.53703354323,0.603043806738047,0.180034395531812,4.04632427801037e-05,0.00211625524881818,"tpltpr1"
"360","AT5G24530",2540.69929548819,-0.615614288217233,0.191437350236889,5.83343849406853e-05,0.00283162257555631,"tpltpr1"
"361","AT5G25250",724.25364168559,-0.768360337785286,0.233159873936734,3.83923234783318e-05,0.00203107775820852,"tpltpr1"
"362","AT5G25440",562.975914662745,-0.717924949274517,0.145651687296887,4.07697032963224e-08,7.03813825325986e-06,"tpltpr1"
"363","AT5G25490",27.5964829771499,-1.13142654912837,0.412896022446181,0.000205883850787077,0.00747957787036597,"tpltpr1"
"364","AT5G25980",22001.5916942822,-1.20869955959894,0.219253867653124,1.58038648266625e-09,4.65200944128425e-07,"tpltpr1"
"365","AT5G26000",30220.9706837005,-1.0679502254665,0.182800328181982,2.36369405002809e-10,9.11062511947391e-08,"tpltpr1"
"366","AT5G26170",91.1339254633217,-0.808197653429776,0.276301552740466,0.000130582165440704,0.00525072945449836,"tpltpr1"
"367","AT5G26690",167.895871399553,-1.16427270010509,0.221008252027983,5.95017190028751e-09,1.43806259821685e-06,"tpltpr1"
"368","AT5G26920",465.293787546447,-1.00300980318801,0.197806133441427,1.73690007789207e-08,3.43786429210362e-06,"tpltpr1"
"369","AT5G27030",1921.00657751453,2.45165995308613,0.119492451973268,8.11731487467886e-95,1.86373549522627e-90,"tpltpr1"
"370","AT5G27230",33.6767614914228,0.941544856605509,0.234256217538745,2.70137517851966e-06,0.00024418729960162,"tpltpr1"
"371","AT5G27420",253.951848927695,-0.854623433789642,0.211076948627632,2.15245245806271e-06,0.000203375754885267,"tpltpr1"
"372","AT5G28320",101.496698822243,9.34021807929189,1.25604061015476,2.95923011022422e-27,6.7943923330748e-24,"tpltpr1"
"373","AT5G28320-AT5G28330",406.980470594349,2.11914317038139,0.239241957794927,1.94243580919669e-20,3.18559472708257e-17,"tpltpr1"
"374","AT5G28335",22.0479463619661,4.03824848084102,0.576032111249256,1.0640880972656e-13,9.04868989378451e-11,"tpltpr1"
"375","AT5G35580",22.2699543889437,-0.848844803934681,0.301963960787875,0.000200942121887858,0.00734654636711022,"tpltpr1"
"376","AT5G35935",255.026333265644,6.88462690852474,0.358802237492747,2.86845979597837e-82,2.19532789718878e-78,"tpltpr1"
"377","AT5G37600",3484.33809718679,-0.53314370519525,0.164262555141601,6.97629432988862e-05,0.00326223457870148,"tpltpr1"
"378","AT5G38200",36.9623184379151,-1.28723756669337,0.242034030729572,4.49192337790246e-09,1.12102783431131e-06,"tpltpr1"
"379","AT5G38250",40.5233186107438,-1.22999396581337,0.397208342781222,7.09476953634618e-05,0.00329082643544461,"tpltpr1"
"380","AT5G39190",54.3302521737681,-1.61364599022523,0.373002627201314,6.15330999310128e-07,7.28247409492812e-05,"tpltpr1"
"381","AT5G41550",40.4677443271638,-0.710999558345138,0.245277836215205,0.000154181192209182,0.00597973002216693,"tpltpr1"
"382","AT5G41750",790.256699032474,-0.920341100040253,0.149811601479846,3.96828549785614e-11,2.07072352342675e-08,"tpltpr1"
"383","AT5G42380",37.0746909916384,-1.33625006637644,0.319925225017425,1.26588840353788e-06,0.000135816811893597,"tpltpr1"
"384","AT5G42460",129.401217878713,-0.606629708835205,0.147701209152318,1.94898770662663e-06,0.000188019990521627,"tpltpr1"
"385","AT5G42830",43.913375976321,-1.2760262343035,0.402628107793572,5.27937768310279e-05,0.00261802400872657,"tpltpr1"
"386","AT5G43040",16.4877141770331,-1.74591480307939,0.367888866539316,9.5879451405884e-08,1.48742716505344e-05,"tpltpr1"
"387","AT5G44565",275.577942385607,0.562765411936062,0.199386579663615,0.000212474525165796,0.00762252359032294,"tpltpr1"
"388","AT5G44575",242.635345576904,1.07007527128859,0.329887985085424,3.98910768488099e-05,0.00209109389143533,"tpltpr1"
"389","AT5G45000",130.906113224384,-0.777479893545623,0.252402929120451,7.94372851711061e-05,0.00359031509356023,"tpltpr1"
"390","AT5G45410",2091.14911823083,-0.516785486418564,0.184318542642847,0.000196504940804632,0.0072303741039653,"tpltpr1"
"391","AT5G45470",313.21159396449,-1.18075304005108,0.286180240839415,1.21544654312323e-06,0.000131017148498166,"tpltpr1"
"392","AT5G46600",482.263175261119,0.69174914688459,0.201923193351164,2.74858363008557e-05,0.00153920683284792,"tpltpr1"
"393","AT5G46665",16.4475369013234,1.19275578749512,0.351893740052165,2.81026177121241e-05,0.00156610704531643,"tpltpr1"
"394","AT5G47850",10.5532774761686,-2.3768064475004,0.560011617662118,1.4322140930472e-06,0.000148794731114768,"tpltpr1"
"395","AT5G49190",43.6632370691447,0.754570866389909,0.270453041637653,0.000211941224351901,0.00762252359032294,"tpltpr1"
"396","AT5G51190",31.239816939426,-1.12918233311326,0.423472810896827,0.000251777504183189,0.00866976035586461,"tpltpr1"
"397","AT5G51440",57.4390446914752,-2.63169581965936,0.510526803907537,8.92910666254201e-09,1.97127200934581e-06,"tpltpr1"
"398","AT5G51670",192.471935775861,0.514142428218197,0.134166234636758,7.03882998642835e-06,0.00053691540361593,"tpltpr1"
"399","AT5G52640",713.962950898216,-1.17847581018078,0.288582059628415,1.66844143556388e-06,0.000166553979828464,"tpltpr1"
"400","AT5G52750",1047.16920400921,-0.729794529810039,0.134224616631911,2.59225786685981e-09,7.07523903843249e-07,"tpltpr1"
"401","AT5G52760",355.806215438304,-0.976485461058236,0.193320951298835,1.98956481579289e-08,3.87122103140719e-06,"tpltpr1"
"402","AT5G52882",238.46620913971,0.684644789783224,0.168379940716208,2.22721368285689e-06,0.000208326754960115,"tpltpr1"
"403","AT5G54230",27.4428620129146,-1.65902210238561,0.432360553874181,4.73590872258154e-06,0.000378872697806524,"tpltpr1"
"404","AT5G54510",110.071496123498,0.708406071998331,0.178613008805231,3.55529223190513e-06,0.000305728500541355,"tpltpr1"
"405","AT5G54610",4613.5219277672,-0.551615026063352,0.21035060029716,0.000281400876888741,0.00931022031717538,"tpltpr1"
"406","AT5G55250",124.879722756549,-0.876196047893238,0.207464204532793,1.03496661122864e-06,0.000114796296588452,"tpltpr1"
"407","AT5G55450",776.136267381149,-1.33729439091386,0.244873413845581,1.8600632672687e-09,5.27247563166535e-07,"tpltpr1"
"408","AT5G55460",216.385380976507,-1.30978007839843,0.221701781383291,1.46438200851616e-10,6.22633535472798e-08,"tpltpr1"
"409","AT5G57340",657.852491631101,0.610167847577322,0.208725273131879,0.000150474591634982,0.0058458487714707,"tpltpr1"
"410","AT5G57880",72.4845134307627,0.594543588989158,0.19257504210708,9.11325592599143e-05,0.00394793124642949,"tpltpr1"
"411","AT5G59680",156.040686832949,-1.97833486720585,0.314284049831015,1.33398734047055e-11,8.7509569534868e-09,"tpltpr1"
"412","AT5G59720",125.330371187161,-1.13987172630494,0.435956480647511,0.000252612440293328,0.00867305027750376,"tpltpr1"
"413","AT5G60200",414.106323359502,0.682191471098724,0.206539585356759,4.10842261570054e-05,0.00214196803723908,"tpltpr1"
"414","AT5G60760",82.4961594943613,0.805159496046073,0.196449666461203,1.82103061086515e-06,0.000179445763199416,"tpltpr1"
"415","AT5G60900",2008.56424255943,-0.796843811924555,0.160503712809273,2.66458386430476e-08,4.8554639305109e-06,"tpltpr1"
"416","AT5G60930",310.031120092271,0.661620503936471,0.201056657613552,4.37021669774663e-05,0.00223660349227273,"tpltpr1"
"417","AT5G63450",57.2359411264804,1.13637361000983,0.27411099663547,1.30552402807442e-06,0.000138772368910133,"tpltpr1"
"418","AT5G64000",105.621670859932,-0.975578738819774,0.210233879366122,1.64468612633952e-07,2.2886056642882e-05,"tpltpr1"
"419","AT5G64810",165.303087560794,-1.1026580275713,0.248986501308163,3.8966027351949e-07,4.91571421978433e-05,"tpltpr1"
"420","AT5G64910",33.3882151366945,-1.54378579025236,0.431257121257496,1.32858348115642e-05,0.000879085784649894,"tpltpr1"
"421","AT5G64990",59.1544196739752,0.530133559080441,0.195694278062957,0.000308645556120464,0.00998098868806459,"tpltpr1"
"422","AT5G65010",4536.92294520056,0.625451948065929,0.139133073619967,3.58371152446498e-07,4.59676070400648e-05,"tpltpr1"
"423","AT5G65140",679.312237743397,0.836816067064568,0.129753126204747,6.24256599609055e-12,4.2155680961835e-09,"tpltpr1"
"424","AT5G66620",129.998835902344,-0.648773962147878,0.208021273503457,7.49938310171898e-05,0.00342317765438306,"tpltpr1"
"425","AT5G66630",301.006044802805,-0.592465598855067,0.115806422954741,1.7701572656948e-08,3.47374451456006e-06,"tpltpr1"
"426","AT5G66640",45.420516458637,-1.69660732825491,0.28953748622828,2.20278481364147e-10,8.74048467909711e-08,"tpltpr1"
"427","AT5G67150",890.613382173787,0.508703438994135,0.144959136432157,2.24544724638973e-05,0.00132463063288257,"tpltpr1"
"428","AT5G67340",439.504674278011,-0.606515880422942,0.109558316916362,1.70271704866925e-09,4.94865613132227e-07,"tpltpr1"
"429","AT5G67450",49.9309963712928,-1.00125789829735,0.296081959645153,3.22731219127229e-05,0.00176007334706916,"tpltpr1"
"430","ATCG00940",171.547394911595,0.918756224128056,0.247457727420095,7.50963884046796e-06,0.000563468326069099,"tpltpr1"
"431","AT1G01420",926.70393760241,0.691346982931797,0.103788159663509,1.65634379646004e-12,6.52958330294488e-10,"tpltpr1tpr4"
"432","AT1G01560",119.704324669728,-1.6468133585062,0.235325570356964,9.59637206234201e-14,4.82942528490586e-11,"tpltpr1tpr4"
"433","AT1G01590",14.8197783072507,1.65844591466731,0.50348960400718,3.8376280216559e-05,0.0013447617125367,"tpltpr1tpr4"
"434","AT1G01640",66.4450196796092,0.514868694093163,0.183891396394803,0.000301213490792299,0.00709672738837674,"tpltpr1tpr4"
"435","AT1G01900",243.485855822472,-0.636702412294709,0.216580322329267,0.000149615758316831,0.00411974567109198,"tpltpr1tpr4"
"436","AT1G02220",138.437904692889,0.798316811349794,0.201480629120355,3.85664136242553e-06,0.000204991321675171,"tpltpr1tpr4"
"437","AT1G02340",44.2893945550385,1.43715257853538,0.251450859456556,5.23717630464065e-10,1.14758169491486e-07,"tpltpr1tpr4"
"438","AT1G02450",155.19275073305,-1.86092009777968,0.491191649188384,2.41940351766987e-06,0.000141648889612489,"tpltpr1tpr4"
"439","AT1G02930",4709.84501779932,-1.0442075829617,0.242654448109653,6.84059193192907e-07,5.04311163061623e-05,"tpltpr1tpr4"
"440","AT1G03210",497.630380572569,-0.677739878854749,0.203566148182006,3.8965274537705e-05,0.00136338112224902,"tpltpr1tpr4"
"441","AT1G03770",107.088372723361,0.574554524075704,0.16591392566707,3.16364366476558e-05,0.00116014982329768,"tpltpr1tpr4"
"442","AT1G04050",87.9489534153514,0.774088515855437,0.217795590916526,1.80705921369416e-05,0.000753833713959574,"tpltpr1tpr4"
"443","AT1G04920",25.1493137262782,-1.09744504670404,0.416033842789826,0.000255646859778569,0.00626069076960437,"tpltpr1tpr4"
"444","AT1G05370",42.5317287525659,0.768659330002879,0.274180683238117,0.000222841869224165,0.00566761154060125,"tpltpr1tpr4"
"445","AT1G07000",738.789670865483,-0.722516287437341,0.132318592034676,2.49457834508421e-09,4.4364106463366e-07,"tpltpr1tpr4"
"446","AT1G07777",3.26058179585904,4.28348229290745,1.66209018013886,0.000125074363071584,0.00355148128419229,"tpltpr1tpr4"
"447","AT1G07887",193.132139303556,-4.69893324476272,2.29321361238033,3.29092711105669e-05,0.00119938827361824,"tpltpr1tpr4"
"448","AT1G08430",10.2480860353633,-5.41023091768499,0.915544709976978,5.23890831868464e-10,1.14758169491486e-07,"tpltpr1tpr4"
"449","AT1G08650",1835.56376430301,0.963207140330113,0.101346341195922,8.85768795167331e-23,1.04755446560464e-19,"tpltpr1tpr4"
"450","AT1G08940",234.548459789654,0.655961370020344,0.171301019496837,7.035583450434e-06,0.000341009539658023,"tpltpr1tpr4"
"451","AT1G09180",170.371469187693,-0.528102359350862,0.173157965939719,0.0001339506451162,0.00374507636989774,"tpltpr1tpr4"
"452","AT1G09750",109.022911828901,-1.06616121151235,0.404865060357341,0.000220029522209644,0.00561419448632655,"tpltpr1tpr4"
"453","AT1G09932",194.226889795462,-0.845607292553639,0.250738275038793,3.3425572479122e-05,0.00120889153799491,"tpltpr1tpr4"
"454","AT1G10060",195.321336351647,-0.591353351160676,0.223897669137917,0.000403702137866688,0.00875230675248466,"tpltpr1tpr4"
"455","AT1G10070",729.036746326806,1.27717921979848,0.339102283401014,4.25674608698483e-06,0.000222754015919142,"tpltpr1tpr4"
"456","AT1G10230",86.6711464531049,-0.518680634337095,0.167813889307697,0.000128247830660573,0.00362852385001739,"tpltpr1tpr4"
"457","AT1G10340",215.189875843629,-1.05311625814393,0.315840079564953,3.10690997124612e-05,0.00115004290375406,"tpltpr1tpr4"
"458","AT1G10540",42.9140853907019,1.39277179256747,0.310764854023426,3.11896611274955e-07,2.6537016354268e-05,"tpltpr1tpr4"
"459","AT1G11190",197.709013814773,-0.728542341212558,0.23652135884103,8.58288383708277e-05,0.00263308626976029,"tpltpr1tpr4"
"460","AT1G11300",199.848400234059,-0.76890512773699,0.184744984884693,1.59516509346408e-06,0.000101974162042448,"tpltpr1tpr4"
"461","AT1G11330",1840.29654478719,-0.569131619567104,0.166782758746578,4.20389304403179e-05,0.00144735154140291,"tpltpr1tpr4"
"462","AT1G11700",2114.07251803644,0.575800909714328,0.0968025950913439,1.85495980151639e-10,4.87504046502969e-08,"tpltpr1tpr4"
"463","AT1G11950",141.217123334403,0.698839217877359,0.176478913226653,3.82868223090014e-06,0.00020396356037721,"tpltpr1tpr4"
"464","AT1G12080",19.734938610141,-3.26336197880137,0.482171574539931,6.79288470142139e-13,2.81880880425825e-10,"tpltpr1tpr4"
"465","AT1G12160",22.6506111355456,-0.90801366704979,0.32848839815871,0.000223569752301576,0.00567189353663404,"tpltpr1tpr4"
"466","AT1G12290",161.494952723801,-0.521293673497375,0.175063363162156,0.000173639037023149,0.00464077304260854,"tpltpr1tpr4"
"467","AT1G12320",123.238385292876,0.563966678369709,0.205937209147804,0.000315554142510007,0.00736075161024577,"tpltpr1tpr4"
"468","AT1G12990",1614.0665360914,-0.587011265768882,0.10700570038735,2.67675820419718e-09,4.72487774655791e-07,"tpltpr1tpr4"
"469","AT1G13245",1168.27102445339,0.506205678767805,0.13046706979348,7.54097400693175e-06,0.000362533858101538,"tpltpr1tpr4"
"470","AT1G13470",1467.28722871476,-1.52312238105422,0.263464242084259,2.25600029766772e-10,5.73776075706825e-08,"tpltpr1tpr4"
"471","AT1G13650",900.229112634081,-1.2627025205318,0.442942151529445,0.000145220943911186,0.00401743975009507,"tpltpr1tpr4"
"472","AT1G14440",49.8772940494633,-0.679506501262683,0.253198674901826,0.000334936051920553,0.00768190740622474,"tpltpr1tpr4"
"473","AT1G14700",514.841935421657,0.623024522021125,0.0795356109200599,5.00497063833973e-16,3.58735062147423e-13,"tpltpr1tpr4"
"474","AT1G14810",1161.1484150274,0.54059452160944,0.172788073278518,0.000113727505054065,0.00330060941968563,"tpltpr1tpr4"
"475","AT1G15750",2463.52073270807,-0.939716355579167,0.0674089182199117,1.74862329620543e-45,4.13601868251471e-42,"tpltpr1tpr4"
"476","AT1G16260",1107.91602407049,-0.747045241761279,0.163008602606623,2.04363214796008e-07,1.92581797592429e-05,"tpltpr1tpr4"
"477","AT1G16390",16.8923899524555,-1.82769256768226,0.442804106338665,1.62160094246535e-06,0.000103384709143216,"tpltpr1tpr4"
"478","AT1G16400",485.782575862336,0.79423213149527,0.199426203442659,3.48525238135417e-06,0.000190384929737114,"tpltpr1tpr4"
"479","AT1G16410",23964.8086372749,0.687221171689075,0.1267867580998,3.66765129089302e-09,6.24107597003545e-07,"tpltpr1tpr4"
"480","AT1G16960",239.936310496735,-0.50890564865256,0.163500637769572,0.00011398544452869,0.00330404132283958,"tpltpr1tpr4"
"481","AT1G17030",34.0096980417604,-1.50509660183499,0.289091631890396,8.47205382187605e-09,1.2845480067233e-06,"tpltpr1tpr4"
"482","AT1G17260",66.6369119471665,-0.512274768260439,0.194020718415944,0.000472398690146112,0.0098100493573538,"tpltpr1tpr4"
"483","AT1G17600",175.636396543378,-0.800499409265573,0.203286711666268,3.65848359227851e-06,0.000196222477116017,"tpltpr1tpr4"
"484","AT1G17610",171.319042023083,-0.506640180877641,0.186704674455529,0.000352882886729691,0.00795685311708043,"tpltpr1tpr4"
"485","AT1G17830",578.891706682825,0.783112766827761,0.22886980135223,2.93901341777095e-05,0.00110168754945383,"tpltpr1tpr4"
"486","AT1G18590",2460.50521239987,0.565523648045464,0.131114613592023,1.14634470170343e-06,7.72492627617983e-05,"tpltpr1tpr4"
"487","AT1G19630",91.5513606984944,-0.662184478517996,0.230817240160912,0.000195123279014963,0.00511300193550233,"tpltpr1tpr4"
"488","AT1G19670",3733.45316029486,0.929211877248211,0.343315752951121,0.000223969414586572,0.00567189353663404,"tpltpr1tpr4"
"489","AT1G19960",5969.94259929047,-1.35419193855418,0.224636481262893,6.22348301279546e-11,1.81733387285989e-08,"tpltpr1tpr4"
"490","AT1G20390",40.5916966702635,-2.40595799180887,0.392314583070888,2.85068001589201e-11,8.87199137051234e-09,"tpltpr1tpr4"
"491","AT1G21250",17053.7092410954,-0.560516954672839,0.136624527059706,2.12669450145986e-06,0.000127794736348603,"tpltpr1tpr4"
"492","AT1G21270",5001.38066451609,-0.754786179159838,0.201578050213885,7.13213789028238e-06,0.000344982530713393,"tpltpr1tpr4"
"493","AT1G22250",116.494322467791,-0.926861822177102,0.344373381345917,0.000255689649661261,0.00626069076960437,"tpltpr1tpr4"
"494","AT1G23380",10.0256717495144,-1.3702435235555,0.51369334528277,0.000278459944155839,0.00666640997886443,"tpltpr1tpr4"
"495","AT1G23390",797.494856289151,-0.858113755506941,0.261177440556264,4.43022062800706e-05,0.00151427757968571,"tpltpr1tpr4"
"496","AT1G23840",202.476487726879,-0.691460579833902,0.214741856282504,5.79564774678277e-05,0.00189867667804228,"tpltpr1tpr4"
"497","AT1G24140",95.4362665115861,-0.858593079774313,0.186662752864467,2.13151910655809e-07,2.00066751696105e-05,"tpltpr1tpr4"
"498","AT1G24147",1760.43714023877,-0.558911808406958,0.202158565410166,0.000265220874655382,0.00644072828359728,"tpltpr1tpr4"
"499","AT1G24150",333.759991935016,-0.543381324050099,0.168120047317528,6.85182536448611e-05,0.00217538557511665,"tpltpr1tpr4"
"500","AT1G24260",67.7318896520146,2.82634543181487,0.2599065354045,9.28350305811278e-29,1.68909767564263e-25,"tpltpr1tpr4"
"501","AT1G25250",252.538407554252,0.804776115214558,0.162741398612709,3.87359525146028e-08,4.7969711247534e-06,"tpltpr1tpr4"
"502","AT1G26450",171.276313591976,-0.748751041992612,0.176140166333741,1.14312616121273e-06,7.72492627617983e-05,"tpltpr1tpr4"
"503","AT1G26770",346.622644886064,-0.977110824676167,0.254309526037902,5.58994989905763e-06,0.000281317202047681,"tpltpr1tpr4"
"504","AT1G28660",452.703568049431,1.068956252957,0.274254047688751,4.04128233015033e-06,0.000212891872951104,"tpltpr1tpr4"
"505","AT1G30900",1020.64620577317,-0.570203063038465,0.13452186479584,1.5640186495351e-06,0.000101192425735458,"tpltpr1tpr4"
"506","AT1G32190",60.6542475158613,-0.690231697486896,0.213962683756709,6.20394114804732e-05,0.00200466967178638,"tpltpr1tpr4"
"507","AT1G32450",895.538687448707,0.63648067693564,0.137787649178573,2.39854685156865e-07,2.17367159694074e-05,"tpltpr1tpr4"
"508","AT1G33610",77.9027840613999,-0.988385676145788,0.340972510573898,0.000125786449907127,0.00356741834490801,"tpltpr1tpr4"
"509","AT1G34420",272.787139831477,-0.634418038500977,0.170913177394908,1.099400468155e-05,0.000496261818192179,"tpltpr1tpr4"
"510","AT1G34580",32.24267467325,-1.66637831136679,0.413978347802799,2.53866269240013e-06,0.000148264169539112,"tpltpr1tpr4"
"511","AT1G35210",37.7652032765165,-1.18767747756368,0.283977619096699,1.32633748996001e-06,8.7876360364213e-05,"tpltpr1tpr4"
"512","AT1G35310",18.672033525481,-2.65857530175547,0.562337325886592,1.25012647183293e-07,1.28189976054168e-05,"tpltpr1tpr4"
"513","AT1G35710",8484.82643544965,-1.10742567628794,0.206527076666208,3.14854298784085e-09,5.43594797747442e-07,"tpltpr1tpr4"
"514","AT1G36520",11.9069115974141,2.60331822014881,0.900376396151537,9.47386046406139e-05,0.00284011687650753,"tpltpr1tpr4"
"515","AT1G36540",4.88879154089868,7.74088923801425,3.3181200429631,0.000146661563052173,0.00405255368092646,"tpltpr1tpr4"
"516","AT1G37603",7.91164136874694,3.59404614730421,1.01333412373382,1.66691975744229e-05,0.000706588763849148,"tpltpr1tpr4"
"517","AT1G40077",6.15785082678782,4.64828779615409,1.71071898060032,0.000185245422568446,0.00491206996803317,"tpltpr1tpr4"
"518","AT1G41680",10.4194535562545,3.11376001967034,0.772968768997865,3.27453153800394e-06,0.000181813367296731,"tpltpr1tpr4"
"519","AT1G43790",325.761631731812,-0.617956771248676,0.197384834568151,8.56917867066923e-05,0.00263229588438103,"tpltpr1tpr4"
"520","AT1G45191",963.654741748236,-1.45911922499247,0.409229631657308,1.16347159694838e-05,0.000521204425807198,"tpltpr1tpr4"
"521","AT1G47370",19.3711337687468,-2.48541628925968,0.559194292622266,2.79701326825582e-07,2.43448139213876e-05,"tpltpr1tpr4"
"522","AT1G47510",49.7937605471627,-0.997338863264493,0.300135830891248,3.00168502195127e-05,0.0011162826781505,"tpltpr1tpr4"
"523","AT1G48280",190.024562312109,-0.514589680044837,0.195189824933979,0.000447389829119198,0.00941469006063737,"tpltpr1tpr4"
"524","AT1G49050",1031.69803049253,-0.58224310349546,0.086005051629775,9.12736144087538e-13,3.7222324165694e-10,"tpltpr1tpr4"
"525","AT1G51070",1345.45488373883,0.591487330050984,0.132074827772359,4.95686242595354e-07,3.88227374043308e-05,"tpltpr1tpr4"
"526","AT1G52000",17737.6005482215,0.688849381470094,0.129707543027296,6.16038391254589e-09,9.7141040455632e-07,"tpltpr1tpr4"
"527","AT1G52030",3144.8651364217,0.63927493904156,0.127376154833022,3.05724166038044e-08,3.99518988911483e-06,"tpltpr1tpr4"
"528","AT1G52290",951.35462779654,-0.543192502642429,0.12012099827201,4.05632785979825e-07,3.27455026852587e-05,"tpltpr1tpr4"
"529","AT1G52400",117088.455518261,1.08544217625708,0.116684823156576,7.55935626272843e-22,8.51435493725312e-19,"tpltpr1tpr4"
"530","AT1G52410",13228.6955596848,0.767214212471408,0.10159108434626,3.10840439542486e-15,1.83807722912461e-12,"tpltpr1tpr4"
"531","AT1G52770",57.4803718586397,-1.59461190461202,0.432937086510617,7.81496537072732e-06,0.000373429042250128,"tpltpr1tpr4"
"532","AT1G52800",98.6564950878734,-2.24014987672488,0.198190148285108,7.98041100909126e-31,1.7160060145276e-27,"tpltpr1tpr4"
"533","AT1G53080",86.3518695623537,1.03213301839937,0.296597921032456,2.18149346689474e-05,0.000880526706014699,"tpltpr1tpr4"
"534","AT1G53875",329.804439045412,-1.43062471356265,0.188722023514428,1.59596151124985e-15,9.93402042778757e-13,"tpltpr1tpr4"
"535","AT1G53887",28.6744855952971,-6.02205749586017,0.720034851551336,2.61560783204842e-17,2.06223240171471e-14,"tpltpr1tpr4"
"536","AT1G53920",111.985819373946,-1.09851631603679,0.230029983141934,7.60974228287404e-08,8.57110639127713e-06,"tpltpr1tpr4"
"537","AT1G54020",314.157717342285,0.981127821589257,0.29376335865202,3.4715088261879e-05,0.00124600300858607,"tpltpr1tpr4"
"538","AT1G54790",101.294982854979,-0.676815857667237,0.198702332404322,3.22605395316127e-05,0.00117937950779171,"tpltpr1tpr4"
"539","AT1G54820",999.034738093362,-0.669540507979945,0.240014201963432,0.000215637763669713,0.00551403245846457,"tpltpr1tpr4"
"540","AT1G55180",165.696613506045,-0.674619276639016,0.176288164560144,6.86905907368087e-06,0.000334997637669636,"tpltpr1tpr4"
"541","AT1G56010",1122.71423982934,0.662190663503167,0.180403893269574,1.35702346482195e-05,0.000591117421978517,"tpltpr1tpr4"
"542","AT1G56020",98.5242014199159,-0.639530572094589,0.202291540324004,7.6574308330236e-05,0.00238631372191709,"tpltpr1tpr4"
"543","AT1G56120",997.84310021046,-1.11870078501462,0.223606599049843,1.86133513158638e-08,2.63194043612011e-06,"tpltpr1tpr4"
"544","AT1G56540",111.889707662703,-0.70947488058107,0.203589550155812,2.34390621026271e-05,0.000924006893189064,"tpltpr1tpr4"
"545","AT1G56550",98.5574533030181,-0.997108224483763,0.274909803345862,1.2452663029029e-05,0.000550412947814376,"tpltpr1tpr4"
"546","AT1G58070",171.8946935821,-0.708779350792244,0.223045565322102,6.82916881459337e-05,0.00217110658563948,"tpltpr1tpr4"
"547","AT1G58290",5297.33198246431,-0.655179443701009,0.250787160177032,0.000390772202323718,0.00855827305700268,"tpltpr1tpr4"
"548","AT1G58300",36.9785739841885,-1.11256667152889,0.335393940474308,3.75002701605017e-05,0.00132374070981014,"tpltpr1tpr4"
"549","AT1G60030",230.812957256084,0.693401190467323,0.264332715046131,0.000374762567475348,0.00829174263412968,"tpltpr1tpr4"
"550","AT1G60630",52.4470406683571,-0.852161552404481,0.198211575099971,8.36531602077357e-07,5.95978373010112e-05,"tpltpr1tpr4"
"551","AT1G60960",335.30108467977,0.612134950616111,0.130347371142576,1.66687383492745e-07,1.66356822014932e-05,"tpltpr1tpr4"
"552","AT1G60989",182.820878080929,-0.508947914637101,0.109603214968853,2.34920541942262e-07,2.14539597627811e-05,"tpltpr1tpr4"
"553","AT1G61170",48.4355077560528,-0.861074744257264,0.198147198955954,7.40523921667441e-07,5.43963115503105e-05,"tpltpr1tpr4"
"554","AT1G62290",768.55095105989,-0.770375543622128,0.214371711879479,1.40204336991127e-05,0.000604705853974959,"tpltpr1tpr4"
"555","AT1G62540",1444.81091626667,-0.721808701845217,0.164833524713328,5.41992842791202e-07,4.16225867225335e-05,"tpltpr1tpr4"
"556","AT1G62560",5598.21004845509,0.576324737701548,0.159010382595796,1.75023628012758e-05,0.000734013098118045,"tpltpr1tpr4"
"557","AT1G62800",916.82789131535,0.58683729007381,0.13999606321822,1.83771531055125e-06,0.000114087874646899,"tpltpr1tpr4"
"558","AT1G63160",123.134477925316,0.5638597271803,0.161358247087539,2.84141955662456e-05,0.00107280850588764,"tpltpr1tpr4"
"559","AT1G63220",110.882215615795,0.585006491488294,0.190649963998223,0.000109603842056432,0.0031966210556853,"tpltpr1tpr4"
"560","AT1G64780",629.860533587524,0.765037096402515,0.1545558715076,3.95111818420861e-08,4.86748950057741e-06,"tpltpr1tpr4"
"561","AT1G65790",1921.26466441253,-0.920242941778839,0.204762286176839,2.57452654642264e-07,2.28929610535845e-05,"tpltpr1tpr4"
"562","AT1G65860",2459.25754625497,0.8500749307914,0.121404928784702,1.50186677608438e-13,7.2497254805559e-11,"tpltpr1tpr4"
"563","AT1G65880",3.85677579435229,2.76221455556015,1.16186611537889,0.000424813293726655,0.00907044972335737,"tpltpr1tpr4"
"564","AT1G65890",303.437670467808,0.609458424338564,0.177146201817609,3.08807444550491e-05,0.00114486245861329,"tpltpr1tpr4"
"565","AT1G66020",12.9164343697696,-2.200206928852,0.413692692239386,5.68523507697155e-09,9.14781396432707e-07,"tpltpr1tpr4"
"566","AT1G66880",2036.49093326288,-0.746263977302455,0.162438960628851,2.17523839835411e-07,2.01413023815172e-05,"tpltpr1tpr4"
"567","AT1G66960",100.909726764744,-2.48895606368375,0.410664766938536,5.96170578406471e-11,1.76265283638103e-08,"tpltpr1tpr4"
"568","AT1G67265",108.444661525075,1.09980408141175,0.236583458826948,1.25192933110019e-07,1.28189976054168e-05,"tpltpr1tpr4"
"569","AT1G67626",7.21964858279444,-2.86283712715452,0.820511895046615,1.33328511400468e-05,0.000581848575674405,"tpltpr1tpr4"
"570","AT1G68350",35.180152161252,1.02897777262497,0.347954991015107,0.000120708742411332,0.00345238680079231,"tpltpr1tpr4"
"571","AT1G68650",186.221446903657,-0.547863405546043,0.207325367739947,0.000415867963176131,0.00895858372769128,"tpltpr1tpr4"
"572","AT1G70470",183.973543234144,0.559668527035668,0.178947327665113,0.000104450824191202,0.00307668162465069,"tpltpr1tpr4"
"573","AT1G71050",29.243733546921,-1.04017388564652,0.381968991783948,0.000234487791523491,0.00585674734203288,"tpltpr1tpr4"
"574","AT1G71330",49.8550928887297,-0.62653943479668,0.200858296919722,9.53942093784934e-05,0.0028561509296576,"tpltpr1tpr4"
"575","AT1G72490",9.76671549606066,-2.05499017338904,0.542227156967389,5.76300766554915e-06,0.000288797500663631,"tpltpr1tpr4"
"576","AT1G72810",1147.08546877414,0.585521322495729,0.110542801958281,7.80074006534476e-09,1.20595362591895e-06,"tpltpr1tpr4"
"577","AT1G73805",1290.22432848843,-0.673319638486367,0.140896930841495,1.0380168133402e-07,1.11646202318542e-05,"tpltpr1tpr4"
"578","AT1G73810",294.127753232328,-0.78321986918321,0.204475230038846,5.96967366454713e-06,0.000295398935538773,"tpltpr1tpr4"
"579","AT1G74440",332.688814032162,-0.578734555705311,0.167594035977811,2.95962693205365e-05,0.00110590925472141,"tpltpr1tpr4"
"580","AT1G74670",118.154724632408,-1.52786246357558,0.380463517365002,2.37850925396992e-06,0.000139600196983004,"tpltpr1tpr4"
"581","AT1G74710",659.0180574526,-0.669239411466692,0.145362900577244,2.4498991192253e-07,2.20765739394304e-05,"tpltpr1tpr4"
"582","AT1G74810",196.082034604092,-0.856908344342193,0.191898388268332,4.00590149247463e-07,3.24491739731173e-05,"tpltpr1tpr4"
"583","AT1G75390",576.244932456333,0.796771871927544,0.157534693879389,2.43306059100145e-08,3.3458826836603e-06,"tpltpr1tpr4"
"584","AT1G76650",26.203717075242,-1.34948513739712,0.40478458365104,2.86559862673209e-05,0.00107929943181678,"tpltpr1tpr4"
"585","AT1G76740",84.688244957396,0.620162789046218,0.217226954294364,0.000210872908009801,0.00542739596643724,"tpltpr1tpr4"
"586","AT1G77520",69.1129782357995,-1.41667698194565,0.276360286985755,1.32326506375856e-08,1.93204867611612e-06,"tpltpr1tpr4"
"587","AT1G77690",234.893909103589,1.11508914453812,0.310326782520468,1.07741161421288e-05,0.000491713689565471,"tpltpr1tpr4"
"588","AT1G77760",313.110368237448,0.749161714901992,0.217370315338154,2.73471474492044e-05,0.00104329367518715,"tpltpr1tpr4"
"589","AT1G78100",2708.439729951,0.638470271356373,0.0976193641346903,3.52119266424021e-12,1.2813349244196e-09,"tpltpr1tpr4"
"590","AT1G78260",26.9124572315143,-0.99476590028991,0.387858435312953,0.000333335434284908,0.00767710129225016,"tpltpr1tpr4"
"591","AT1G78370",13143.1484900589,0.886361998303007,0.191252106194355,1.71057168873e-07,1.68172885376311e-05,"tpltpr1tpr4"
"592","AT1G80660",23.8596130992634,1.10576475589744,0.360484836771073,9.04756946953322e-05,0.00274170409965278,"tpltpr1tpr4"
"593","AT2G00430-AT2G05950",140.705422894533,1.09463392695488,0.198768797774126,1.83378383852181e-09,3.35656126212396e-07,"tpltpr1tpr4"
"594","AT2G01830",213.347094547928,0.708492655203746,0.145864486269293,6.72931361085254e-08,7.75759217182037e-06,"tpltpr1tpr4"
"595","AT2G04100",96.6149383526037,-1.13570136052453,0.252024222508714,2.63306033844294e-07,2.32387224571608e-05,"tpltpr1tpr4"
"596","AT2G04450",345.19822608631,-0.843215201589047,0.197565024141593,1.00229958227658e-06,6.91177609900524e-05,"tpltpr1tpr4"
"597","AT2G04495",137.133791806319,-0.856512808753381,0.203455813037457,1.23207944924986e-06,8.23230938223362e-05,"tpltpr1tpr4"
"598","AT2G05440",478.134017245525,1.10527693967569,0.339495586721138,4.50678963036787e-05,0.0015337999298862,"tpltpr1tpr4"
"599","AT2G05510",8.96088940800574,2.80503430720421,0.628955446349745,3.99128283024403e-07,3.24418600631485e-05,"tpltpr1tpr4"
"600","AT2G05665",15.2772223145355,1.4362950843046,0.417510097388975,2.27579193632512e-05,0.000904694229746185,"tpltpr1tpr4"
"601","AT2G06002",37.5455331964387,1.30445584771196,0.456131495858524,0.000139322719398411,0.00387238576020047,"tpltpr1tpr4"
"602","AT2G06850",640.739411447596,0.713001549372788,0.246701468593513,0.000163233087801286,0.00443896363887921,"tpltpr1tpr4"
"603","AT2G06950",446.093228611379,1.48341514406816,0.214006744942444,1.34369848106387e-13,6.62135420262576e-11,"tpltpr1tpr4"
"604","AT2G08735",10.3155859540902,-3.77780591674586,0.561981327880159,4.18421876260595e-12,1.4995352483624e-09,"tpltpr1tpr4"
"605","AT2G09187",50.4021910183258,7.48900951952259,1.14013134453408,1.68847262407118e-12,6.54712179953369e-10,"tpltpr1tpr4"
"606","AT2G13610",79.490565356509,-0.668230661051746,0.241609516098987,0.000257978927196204,0.00629069645873382,"tpltpr1tpr4"
"607","AT2G13790",2638.40533604382,-0.686688329469001,0.151367704862923,2.61043505776457e-07,2.31253260004889e-05,"tpltpr1tpr4"
"608","AT2G14560",16817.4276154804,-1.29333167249839,0.416492819488657,3.74438936287984e-05,0.00132374070981014,"tpltpr1tpr4"
"609","AT2G14900",40.2314396137664,-0.948964112528074,0.365632229670724,0.000324785878693255,0.00750961515599162,"tpltpr1tpr4"
"610","AT2G15040-AT2G15042",875.897345862478,-2.12075304396616,0.441838880244999,3.42361873912747e-08,4.35370182992377e-06,"tpltpr1tpr4"
"611","AT2G15042",126.25471782798,-1.59569934589122,0.405913743000167,2.05186840017676e-06,0.000124124918847522,"tpltpr1tpr4"
"612","AT2G16660",712.190052241641,2.38452591882085,0.468523045541991,1.33644044074262e-08,1.9393144628764e-06,"tpltpr1tpr4"
"613","AT2G16700",1361.3641660238,0.674042423212184,0.114500912548307,2.09128790440532e-10,5.37665573944554e-08,"tpltpr1tpr4"
"614","AT2G16720",518.704448464461,0.528434138575532,0.135692709306212,6.31225040066363e-06,0.000310402616895836,"tpltpr1tpr4"
"615","AT2G16890",812.906134754971,1.33423073506602,0.251354279081903,5.22778058823708e-09,8.46936262010766e-07,"tpltpr1tpr4"
"616","AT2G17040",472.947786197323,-0.701500294723304,0.240257323713376,0.000151733694752721,0.00416835898023937,"tpltpr1tpr4"
"617","AT2G17120",1396.81240223809,-0.794827370560196,0.115146681535728,2.86819671053073e-13,1.33022464302321e-10,"tpltpr1tpr4"
"618","AT2G17470",24.4040532728806,-1.53700931251983,0.380993843214372,2.26886130704493e-06,0.000133828869066169,"tpltpr1tpr4"
"619","AT2G17550",677.391240030759,0.713670216101813,0.15045013254978,1.22723952221907e-07,1.27315335171262e-05,"tpltpr1tpr4"
"620","AT2G17780",124.932103433817,-0.711912783895675,0.233879981304313,0.000105868988122511,0.0031107070510084,"tpltpr1tpr4"
"621","AT2G18120",7.8612357048859,-1.71410273216729,0.663361864257831,0.000365860118029227,0.00814929147942904,"tpltpr1tpr4"
"622","AT2G18480",25.2077740152547,-3.38464585484639,0.679093572002512,1.56249015577675e-08,2.23985331239924e-06,"tpltpr1tpr4"
"623","AT2G18550",39.2024394116746,1.28395326519993,0.33584100640706,5.37903193571775e-06,0.000273026271192129,"tpltpr1tpr4"
"624","AT2G18660",206.177515427516,-1.19930171418096,0.252264931922668,9.37917627217715e-08,1.03184026216654e-05,"tpltpr1tpr4"
"625","AT2G18720",29.6455975708771,1.52770485664853,0.329231730102607,1.63569374095613e-07,1.6393671209676e-05,"tpltpr1tpr4"
"626","AT2G20750",91.4553082050986,-2.22242779909338,0.451083388071091,2.13358328060862e-08,2.96856737271975e-06,"tpltpr1tpr4"
"627","AT2G21140",88.0777889868996,-1.53736192738378,0.302303931631209,1.24903411591164e-08,1.83499403376758e-06,"tpltpr1tpr4"
"628","AT2G21560",577.17358338319,-0.708036387599476,0.160052901384816,5.3551896804907e-07,4.12593816002106e-05,"tpltpr1tpr4"
"629","AT2G21850",100.021119388546,-1.11942593559056,0.251092173962451,2.70447971254149e-07,2.36922439410162e-05,"tpltpr1tpr4"
"630","AT2G22590",14.0732858999543,-1.43551900123141,0.576077320815328,0.000353591408534383,0.0079652357962512,"tpltpr1tpr4"
"631","AT2G22800",117.638954731272,0.658782271276822,0.216169399298873,0.000114613586025744,0.00330604286617917,"tpltpr1tpr4"
"632","AT2G22930",147.852245614566,1.0397005951289,0.23550492354139,4.6886662071141e-07,3.68441932879966e-05,"tpltpr1tpr4"
"633","AT2G24160",589.460277257346,-0.717779897374101,0.167189972864233,8.58963045450135e-07,6.04674193870002e-05,"tpltpr1tpr4"
"634","AT2G24165",22.1002013210584,-1.41953574426729,0.331205291819606,8.22967546441746e-07,5.89744047267924e-05,"tpltpr1tpr4"
"635","AT2G25000",947.958345293334,-0.544423986494811,0.167515458451902,6.74364753272522e-05,0.00214969669934703,"tpltpr1tpr4"
"636","AT2G25420",390.228862999874,0.891764000255317,0.0880361652998568,2.32568335365926e-25,3.05607713133902e-22,"tpltpr1tpr4"
"637","AT2G25450",29444.5915235292,0.752273079254855,0.1608494266827,1.49703349857742e-07,1.51971387733269e-05,"tpltpr1tpr4"
"638","AT2G25510",63369.6760940912,-0.501124323582791,0.175196474364292,0.000245230848383988,0.00604937128586571,"tpltpr1tpr4"
"639","AT2G26190",1142.53924091946,-0.789606592186273,0.182229203063314,6.52168620507659e-07,4.88156467748976e-05,"tpltpr1tpr4"
"640","AT2G26360",92.4635789502436,0.515262816344748,0.180443081879868,0.000245483308464235,0.00604937128586571,"tpltpr1tpr4"
"641","AT2G26440",2675.54059514891,-0.815283986649252,0.239176022579728,2.26797763125969e-05,0.000903105638252279,"tpltpr1tpr4"
"642","AT2G26695",45.7955154023178,-1.29076275096828,0.368071947111044,1.86253386745792e-05,0.000772886202929512,"tpltpr1tpr4"
"643","AT2G28160",62.6353664074924,-1.11937422849828,0.202597301508049,1.65479344583808e-09,3.08195506885103e-07,"tpltpr1tpr4"
"644","AT2G28510",954.194609896281,0.621932714204471,0.144492567909006,1.01778557459631e-06,6.99816342904841e-05,"tpltpr1tpr4"
"645","AT2G28580",38.4433799625732,-1.05245696218299,0.272537949200622,4.95113540952526e-06,0.000254032984471803,"tpltpr1tpr4"
"646","AT2G28940",641.919333318839,-0.512839652562045,0.15887179097606,7.36663996563917e-05,0.00230785609413594,"tpltpr1tpr4"
"647","AT2G29180",365.590382517181,-0.531035735088801,0.171774396906446,0.000117836131674082,0.0033907275212738,"tpltpr1tpr4"
"648","AT2G29290",575.132108557487,-0.807116380360112,0.318941286469907,0.000395097097175244,0.00863699781837897,"tpltpr1tpr4"
"649","AT2G29340",1734.58806611351,0.518205678864551,0.106964380154801,8.06298114756777e-08,8.95369451095871e-06,"tpltpr1tpr4"
"650","AT2G29350",2894.77936029804,0.732437856601975,0.290232631688444,0.00044338959311438,0.00934680309755365,"tpltpr1tpr4"
"651","AT2G29660",102.497161161504,0.56456476761785,0.20763582048566,0.000340288476142002,0.00773927242902575,"tpltpr1tpr4"
"652","AT2G30250",841.098624601196,-0.580211124235249,0.13837967851929,1.22005290357918e-06,8.17504570208453e-05,"tpltpr1tpr4"
"653","AT2G30500",339.752572587134,-0.517314159324823,0.123584977319511,2.03469642390371e-06,0.0001235529870188,"tpltpr1tpr4"
"654","AT2G31880",4328.47117134525,-0.760755702969185,0.14501462234047,8.28248053302658e-09,1.26390652933986e-06,"tpltpr1tpr4"
"655","AT2G32160",3110.35166966412,-0.764915086523784,0.127565543463756,1.29499143063603e-10,3.56167817544582e-08,"tpltpr1tpr4"
"656","AT2G32530",952.496984999205,0.627802798317155,0.205919572025597,0.000120357153770121,0.00344649849651896,"tpltpr1tpr4"
"657","AT2G32680",666.522958499651,-1.47782261280922,0.241311384624164,4.14890021675256e-11,1.258127395216e-08,"tpltpr1tpr4"
"658","AT2G33020",85.3515721882412,-1.22048344746762,0.386669490232622,5.57811940681442e-05,0.00184788877212019,"tpltpr1tpr4"
"659","AT2G33080",83.0557377206672,-1.90312471562603,0.36375835423054,5.73205238667813e-09,9.16082669608768e-07,"tpltpr1tpr4"
"660","AT2G33580",481.299600976412,-0.679986592080108,0.122071000667341,1.49373070657151e-09,2.82649699220288e-07,"tpltpr1tpr4"
"661","AT2G33810",327.58568611431,-0.893830926370989,0.188498788521354,1.01850481610771e-07,1.10845888838952e-05,"tpltpr1tpr4"
"662","AT2G34070",1549.37826354419,0.655294792987383,0.20197408712815,5.64321510249059e-05,0.00186163133639065,"tpltpr1tpr4"
"663","AT2G34655",656.739907085733,0.773159869268935,0.166976219797516,1.85984582661708e-07,1.78636011713027e-05,"tpltpr1tpr4"
"664","AT2G34940",155.884356957295,-1.74810383076723,0.21599643058231,2.4410319187711e-17,1.99095613705837e-14,"tpltpr1tpr4"
"665","AT2G36420",206.107415646339,-0.513710645873949,0.189428610842928,0.000390406717261465,0.00855827305700268,"tpltpr1tpr4"
"666","AT2G36870",3584.8194539128,0.601353791971618,0.11898863450511,2.95487268940718e-08,3.8828668734749e-06,"tpltpr1tpr4"
"667","AT2G36890",16.4421966848232,1.19353595872415,0.427639772839414,0.000184486446667175,0.00490298643035809,"tpltpr1tpr4"
"668","AT2G37590",61.7364290087736,1.03847536249944,0.253905050922013,1.97057529507012e-06,0.000121064980400762,"tpltpr1tpr4"
"669","AT2G37620",603.42757494975,0.571983280845289,0.119568258499448,1.14464984827877e-07,1.21189191423675e-05,"tpltpr1tpr4"
"670","AT2G37710",9194.17075976246,-0.590636059177869,0.130840942505531,4.09549887725998e-07,3.29492635863369e-05,"tpltpr1tpr4"
"671","AT2G38470",1284.53027913764,-0.622339316498815,0.165224178369575,7.98571242012701e-06,0.000378529170086702,"tpltpr1tpr4"
"672","AT2G38790",437.4219466777,-0.72400571150608,0.16576283795179,6.81626757406324e-07,5.04311163061623e-05,"tpltpr1tpr4"
"673","AT2G39330",12833.7411193868,0.939066379068517,0.161657796356403,3.4813746338715e-10,8.40254634846557e-08,"tpltpr1tpr4"
"674","AT2G39700",1674.91294069657,0.654483410900531,0.157080984296465,1.71220226711444e-06,0.000107996587264154,"tpltpr1tpr4"
"675","AT2G40020",325.882739486938,-0.559317207819039,0.10713706688971,1.1258366687284e-08,1.66433842033956e-06,"tpltpr1tpr4"
"676","AT2G40750",1506.3575788198,-1.19430787652967,0.276568994086923,4.47248558810954e-07,3.52691437973629e-05,"tpltpr1tpr4"
"677","AT2G41640-AT2G41650",235.893752519558,0.691900521107911,0.197830960266877,2.33233174055428e-05,0.000922519108015559,"tpltpr1tpr4"
"678","AT2G42040",283.537427423772,0.508041554598942,0.130567137728308,7.02930764103919e-06,0.000341009539658023,"tpltpr1tpr4"
"679","AT2G43100",3523.47879745626,0.636061227204273,0.180867134029448,2.45449127583575e-05,0.000956442868984235,"tpltpr1tpr4"
"680","AT2G43530",8771.90444221922,0.934073293648568,0.110465606466836,1.6197827227623e-18,1.47356618236526e-15,"tpltpr1tpr4"
"681","AT2G43530-AT2G43535",551.847895797709,0.642328612568944,0.157462617594936,2.64643248579525e-06,0.000151932202879891,"tpltpr1tpr4"
"682","AT2G44380",113.624533885778,-1.20578017556609,0.351275293188303,2.42066240108405e-05,0.00094951787351312,"tpltpr1tpr4"
"683","AT2G44400",20.6776026311504,-1.78977239328963,0.359510859733358,3.35097082653755e-08,4.30763657391809e-06,"tpltpr1tpr4"
"684","AT2G44450",29.6029854465021,0.797965456851858,0.31426272835862,0.000451005216849358,0.00945711559763996,"tpltpr1tpr4"
"685","AT2G46430",3057.79720605841,-0.501287172508158,0.144460412655134,2.67840306007442e-05,0.00102511759838091,"tpltpr1tpr4"
"686","AT2G46440",5664.10012539001,-0.540732765791532,0.155774710719285,2.21271729178633e-05,0.000888580680859456,"tpltpr1tpr4"
"687","AT2G46640",444.717223102499,0.683168123780855,0.174983976945145,5.12578364300973e-06,0.000260731527974428,"tpltpr1tpr4"
"688","AT2G46690",1261.58961185073,0.526786960590787,0.112067160831789,1.71351056422825e-07,1.68172885376311e-05,"tpltpr1tpr4"
"689","AT2G46970",43.6766159925307,1.40498363129273,0.277172358548719,1.86938651870028e-08,2.63194043612011e-06,"tpltpr1tpr4"
"690","AT2G47130",412.244293446047,-1.47356120569836,0.217079082838003,3.85528874260022e-13,1.68868786349487e-10,"tpltpr1tpr4"
"691","AT2G47180",390.129009033714,-0.78642503801492,0.194701211958952,2.6599532197226e-06,0.000152059968102446,"tpltpr1tpr4"
"692","AT2G47730",1410.35779382499,-0.926358682951289,0.145642779436641,1.16263316173518e-11,3.81941141312807e-09,"tpltpr1tpr4"
"693","AT3G00400",49.8798020351947,-2.09869644960342,0.398937340026684,6.52982781640722e-09,1.02284779696344e-06,"tpltpr1tpr4"
"694","AT3G02020",16044.1922104524,0.512441577599301,0.113071961285376,4.26260972613217e-07,3.41774602888828e-05,"tpltpr1tpr4"
"695","AT3G02980",80.0103499353669,0.907129353457569,0.162148790333806,1.1727486908727e-09,2.31158539876767e-07,"tpltpr1tpr4"
"696","AT3G03190",624.979865906949,0.755860203004713,0.133045015440352,7.93209504041362e-10,1.64577056132371e-07,"tpltpr1tpr4"
"697","AT3G03855",392.35475489096,-0.625121141336975,0.166576655223727,9.38626220911968e-06,0.000434575209706123,"tpltpr1tpr4"
"698","AT3G05320",134.961722913027,0.514473795445283,0.190952875463678,0.000402619991441312,0.00874469870115772,"tpltpr1tpr4"
"699","AT3G05470",26.5640498492942,-1.58807808882655,0.298606747896092,4.56045621324634e-09,7.54324970712697e-07,"tpltpr1tpr4"
"700","AT3G07195",96.6988197293539,-1.15979160292692,0.238047267852787,3.77044040745426e-08,4.69380141881661e-06,"tpltpr1tpr4"
"701","AT3G08770",59.0016097990974,-2.36996273136924,0.535497732841464,3.46113367403976e-07,2.90540728777225e-05,"tpltpr1tpr4"
"702","AT3G09450",25.903676349968,-1.66681044988292,0.52714139059666,3.99448901188085e-05,0.0013813106520178,"tpltpr1tpr4"
"703","AT3G10020",797.221626992819,-1.02166129689072,0.241237178265261,1.04941150294853e-06,7.17391048532993e-05,"tpltpr1tpr4"
"704","AT3G10985",1099.02943379919,0.591738300023569,0.122969255879148,9.8775142225933e-08,1.08163353660648e-05,"tpltpr1tpr4"
"705","AT3G11010",2806.30749279027,-1.16145729544189,0.204210178717767,5.07571381760667e-10,1.14338913264619e-07,"tpltpr1tpr4"
"706","AT3G11080",95.8964614949925,-1.10311991107683,0.237854147422429,1.69128657058004e-07,1.67380758384643e-05,"tpltpr1tpr4"
"707","AT3G11402",79.9876691857369,-1.22855793114932,0.318056926705268,3.80957815247641e-06,0.000203403954944751,"tpltpr1tpr4"
"708","AT3G11840",301.984733147188,-0.540661431684343,0.207074793617702,0.000440413477110703,0.00932071717596373,"tpltpr1tpr4"
"709","AT3G11850",373.722572949644,-0.520269840736119,0.110274865387981,1.55505101766161e-07,1.56695071237517e-05,"tpltpr1tpr4"
"710","AT3G12520",975.18190818609,0.726161480090839,0.0800010628654324,6.63171653954191e-21,6.53583297124103e-18,"tpltpr1tpr4"
"711","AT3G12710",25.9661832311918,-1.55381401802918,0.523432099530381,8.95536818728127e-05,0.00271914407873895,"tpltpr1tpr4"
"712","AT3G12730",310.466108896076,-0.611022891360811,0.109980942816237,1.8448102315821e-09,3.35656126212396e-07,"tpltpr1tpr4"
"713","AT3G12920",575.488850527465,0.629680856407518,0.124710580193147,2.80493613393681e-08,3.72725586382063e-06,"tpltpr1tpr4"
"714","AT3G13950",59.9811894474171,-0.75745330550072,0.295645294397006,0.000383574752532578,0.00843187139558834,"tpltpr1tpr4"
"715","AT3G14370",72.0240277688998,0.883806812976232,0.221678026498383,3.18917092597442e-06,0.000179176864399223,"tpltpr1tpr4"
"716","AT3G14395",56.6900585545278,1.40112784465319,0.269967172350536,8.64474564381985e-09,1.30238324021192e-06,"tpltpr1tpr4"
"717","AT3G15400",193.831406629498,-1.02260112443188,0.247537970945137,1.58159422975784e-06,0.0001013806187438,"tpltpr1tpr4"
"718","AT3G15510",619.413988609043,0.654454829147305,0.249788891222674,0.000378489916152763,0.00833558844204962,"tpltpr1tpr4"
"719","AT3G15536",60.1114827099564,-0.859272596032904,0.277533978667496,9.17930381474935e-05,0.00276936317768197,"tpltpr1tpr4"
"720","AT3G15570",617.486848769056,-0.638294226638007,0.165470877974111,6.34016916794728e-06,0.00031112867495738,"tpltpr1tpr4"
"721","AT3G15880",3450.67414464237,-3.92007192282306,0.124529329181139,1.93757055864119e-219,4.58293564235401e-215,"tpltpr1tpr4"
"722","AT3G16180",544.681694386911,1.02438312476555,0.114389967160996,1.78837771732125e-20,1.69201992591198e-17,"tpltpr1tpr4"
"723","AT3G16420",1423.68436039573,0.746741167373127,0.175008595890859,1.08027967525235e-06,7.36364701981087e-05,"tpltpr1tpr4"
"724","AT3G16830",2814.49295084182,0.871934514852825,0.0543167942932422,3.05429774909947e-59,8.02703385104999e-56,"tpltpr1tpr4"
"725","AT3G17180",144.790009712466,-1.01930598098996,0.433090220760601,0.000397580562984607,0.00867525189693258,"tpltpr1tpr4"
"726","AT3G19270",343.356736485294,0.811169068751285,0.224530382839058,1.24403132986426e-05,0.000550412947814376,"tpltpr1tpr4"
"727","AT3G20100",3242.09175726157,1.36704848697037,0.183958003860218,4.87681577074514e-15,2.81344691281548e-12,"tpltpr1tpr4"
"728","AT3G20600",595.253773352736,-0.760204186278309,0.133220129226646,5.99615711519622e-10,1.28933731132487e-07,"tpltpr1tpr4"
"729","AT3G21250",5772.48821154655,0.503297167316004,0.146590344481959,3.94569984505858e-05,0.00137246527110545,"tpltpr1tpr4"
"730","AT3G22231",13546.7125839615,-1.34496578199272,0.330209925593168,1.15251530668634e-06,7.74444447416247e-05,"tpltpr1tpr4"
"731","AT3G22235",16384.9221816956,-1.42224277219828,0.342318252673386,8.25287615294816e-07,5.89744047267924e-05,"tpltpr1tpr4"
"732","AT3G22760",59.5622356151742,-0.543637014977416,0.202168750857176,0.00038120257710813,0.00838752051752428,"tpltpr1tpr4"
"733","AT3G23000",13185.480041464,0.723230531529767,0.124784415185596,3.93997126687023e-10,9.31921403752815e-08,"tpltpr1tpr4"
"734","AT3G23010",201.099184146218,-1.01175270798685,0.238192248998184,7.80660595492647e-07,5.66409971324772e-05,"tpltpr1tpr4"
"735","AT3G23110",748.960598842616,-0.719498548569166,0.18245827714439,3.95193820056538e-06,0.000209116765677792,"tpltpr1tpr4"
"736","AT3G23120",1602.00466122989,-0.644437207534428,0.209332194849515,8.94999884049189e-05,0.00271914407873895,"tpltpr1tpr4"
"737","AT3G23340",540.088857254847,-0.60285188907401,0.0873037687484415,3.30011126709432e-13,1.50110638078042e-10,"tpltpr1tpr4"
"738","AT3G23560",227.836264723667,-0.671080800299099,0.11849645838754,8.59476440699925e-10,1.76775619581525e-07,"tpltpr1tpr4"
"739","AT3G23630",129.341626402814,0.549693358508797,0.197375974373489,0.000284128433362265,0.00678152354623375,"tpltpr1tpr4"
"740","AT3G23840",362.818201627136,-0.721760909192843,0.28043995993033,0.000402981506965794,0.00874469870115772,"tpltpr1tpr4"
"741","AT3G23930",37.0211792058404,0.88524321559523,0.271615530991977,4.94528847181405e-05,0.00166151858272468,"tpltpr1tpr4"
"742","AT3G24900",45.9778060354853,-1.6024236424018,0.348190353043717,1.93339792052142e-07,1.82922644056373e-05,"tpltpr1tpr4"
"743","AT3G25010",901.061141854293,-0.850246490270197,0.215516145461401,3.73505832091439e-06,0.000199876322318073,"tpltpr1tpr4"
"744","AT3G25020",1094.59835867621,-0.888398718146309,0.182068105151449,5.11397689286626e-08,6.04804477234828e-06,"tpltpr1tpr4"
"745","AT3G25590",282.356577169061,0.8468866357126,0.150755077313823,1.09683042272527e-09,2.18011176375806e-07,"tpltpr1tpr4"
"746","AT3G25717",521.869915298881,1.01664578378969,0.239184191494193,8.52137559735269e-07,6.03034169354106e-05,"tpltpr1tpr4"
"747","AT3G25882",186.626414184522,-1.14547127066998,0.28931676837233,2.55423180050339e-06,0.000148806021618982,"tpltpr1tpr4"
"748","AT3G26210",829.445406700496,-0.791785559484041,0.27519557758085,0.000144173036294515,0.00399312040687841,"tpltpr1tpr4"
"749","AT3G26520",4035.26670881929,0.83119243756189,0.201511796237833,1.77321331939362e-06,0.000110957181596871,"tpltpr1tpr4"
"750","AT3G27170",496.787167166999,0.909572351969103,0.142291294053501,8.63813590442235e-12,2.91882612210431e-09,"tpltpr1tpr4"
"751","AT3G28220",9484.31683714224,1.12029212238843,0.174971295929037,8.01090264137914e-12,2.74611420545711e-09,"tpltpr1tpr4"
"752","AT3G28270",21170.4474629165,1.03210819755073,0.31721926223874,3.77900644574497e-05,0.00132618456173896,"tpltpr1tpr4"
"753","AT3G28540",7156.8825517661,-0.597227515044922,0.175599847582048,3.31810169635577e-05,0.00120321598519631,"tpltpr1tpr4"
"754","AT3G28890",219.208158844934,-1.43689415159236,0.200516244099265,3.89652709961408e-14,2.09464898834482e-11,"tpltpr1tpr4"
"755","AT3G29240",2711.15180649225,-0.537631477116565,0.158706711299621,4.5358432935827e-05,0.00153925827005899,"tpltpr1tpr4"
"756","AT3G29250",77.9298227102328,-1.46124290154103,0.371586185742997,2.66151552844937e-06,0.000152059968102446,"tpltpr1tpr4"
"757","AT3G29644",77.7916803859782,2.41418679785976,0.235958541495746,7.6657860967728e-26,1.06658140321745e-22,"tpltpr1tpr4"
"758","AT3G30720",532.536236085591,2.67946089145956,0.324966323086479,3.48919757819452e-18,3.05666630803833e-15,"tpltpr1tpr4"
"759","AT3G32980",15.9889100344656,-1.7006022825746,0.515363210590454,3.35733520146717e-05,0.00121238243542447,"tpltpr1tpr4"
"760","AT3G43670",1505.86171108691,-0.758114766668999,0.295468533833273,0.0004259905170681,0.0090761155632387,"tpltpr1tpr4"
"761","AT3G44400",525.671073898992,-0.597823872365104,0.137351784087567,8.22200229832048e-07,5.89744047267924e-05,"tpltpr1tpr4"
"762","AT3G45638",21.3731177992461,-0.992163256793194,0.28880177182417,2.62288239247697e-05,0.00100712722774769,"tpltpr1tpr4"
"763","AT3G45680",30.4580085385035,-1.91285701360521,0.280359335600938,4.75429257879648e-13,2.00809432796917e-10,"tpltpr1tpr4"
"764","AT3G45730",131.124072512333,-0.711866300556244,0.256858966944486,0.000238712799067587,0.00592473644947076,"tpltpr1tpr4"
"765","AT3G45860",1168.55434817137,-0.72162239934604,0.222481452046868,5.09316786863835e-05,0.00170738394536713,"tpltpr1tpr4"
"766","AT3G46110",206.202757933939,-0.762382178232795,0.1506213364451,2.23360511850034e-08,3.08955917356073e-06,"tpltpr1tpr4"
"767","AT3G46130",700.741005888541,1.03905618628081,0.148985594868613,1.70900483539866e-13,8.0846182743369e-11,"tpltpr1tpr4"
"768","AT3G46370",647.522109903706,-1.0954550784008,0.19216843379278,5.61414429896071e-10,1.21826931287447e-07,"tpltpr1tpr4"
"769","AT3G47030",33.7449950303961,0.780951324402972,0.246103443920095,6.58408745417347e-05,0.00210735345809966,"tpltpr1tpr4"
"770","AT3G47070",3348.65506067592,-0.549090789243158,0.184184357011136,0.000160926601101741,0.00439537747789778,"tpltpr1tpr4"
"771","AT3G47090",293.535865302699,-0.62978888945281,0.235236383566295,0.000339910266614953,0.00773811119946437,"tpltpr1tpr4"
"772","AT3G47295",187.965142374524,-0.883926307221347,0.275744535913638,5.61776163252374e-05,0.00185633241673649,"tpltpr1tpr4"
"773","AT3G47340",264.974226768173,-1.31547221089369,0.391887504171794,2.88937359365498e-05,0.00108479926366224,"tpltpr1tpr4"
"774","AT3G47570",345.514212136218,-0.613676704936252,0.215557678086287,0.000210452799918502,0.00542248374343391,"tpltpr1tpr4"
"775","AT3G48080",791.034664176948,-1.17830872487237,0.215953411719436,1.73402228964317e-09,3.20428353257264e-07,"tpltpr1tpr4"
"776","AT3G48090",1199.16915031255,-0.651557003514738,0.129735594312936,2.73855251447316e-08,3.68039674004737e-06,"tpltpr1tpr4"
"777","AT3G48260",57.3906357945782,0.739042004540671,0.22182322312589,4.32667462122577e-05,0.00148317151907034,"tpltpr1tpr4"
"778","AT3G48640",50.1499264520598,-1.38317550997306,0.257734824712884,4.35147944035402e-09,7.24827769033054e-07,"tpltpr1tpr4"
"779","AT3G48650",146.1934662926,-1.32222671264992,0.236347353663224,1.00351019793266e-09,2.0115276874323e-07,"tpltpr1tpr4"
"780","AT3G49120-AT3G49130",68.6520754708711,-0.786556630025779,0.312104726084767,0.000437851595769376,0.00928054166964612,"tpltpr1tpr4"
"781","AT3G49570",195.092202491839,1.08779511567787,0.264748280935518,1.33399198035938e-06,8.81366265682692e-05,"tpltpr1tpr4"
"782","AT3G49580",420.489070070429,1.24727369361802,0.254207011857173,3.51961273192597e-08,4.42815957171516e-06,"tpltpr1tpr4"
"783","AT3G50010",9.12762152384128,2.07852951823267,0.608513284843189,2.30494121926312e-05,0.000914744541262258,"tpltpr1tpr4"
"784","AT3G50070",161.993521515736,0.675115768841172,0.225499524476207,0.000126088039775869,0.00357168910756723,"tpltpr1tpr4"
"785","AT3G50240",500.979335070118,-0.520089710809046,0.147387935145321,2.71002506418167e-05,0.00103554479552648,"tpltpr1tpr4"
"786","AT3G50440",3470.40463823372,0.597430986919882,0.135592184427395,6.69011725278793e-07,4.99184048517959e-05,"tpltpr1tpr4"
"787","AT3G50480",2798.23819694685,-0.583985262463145,0.152951755479765,7.79090450341412e-06,0.000373032923520758,"tpltpr1tpr4"
"788","AT3G51220",80.7089223075047,-0.851292418965708,0.239559816704785,1.70660799382281e-05,0.000721291364048431,"tpltpr1tpr4"
"789","AT3G51330",574.00163337285,-0.883399986962624,0.227181973338998,4.1911555446962e-06,0.000219807986915076,"tpltpr1tpr4"
"790","AT3G51340",93.2403206080077,-0.8960567338398,0.306202206054244,0.000124368772626458,0.00353569059967983,"tpltpr1tpr4"
"791","AT3G51350",36.835017290418,-1.01424345512967,0.30121062084441,3.13802808871114e-05,0.00115793726025405,"tpltpr1tpr4"
"792","AT3G52430",666.675259088234,-0.674213720091944,0.142291475508339,1.13563001037734e-07,1.20995750610159e-05,"tpltpr1tpr4"
"793","AT3G52720",418.934556911195,-0.770112566230294,0.205376180021043,7.97947187145005e-06,0.000378529170086702,"tpltpr1tpr4"
"794","AT3G53100",569.587062495184,-0.510681559230011,0.1427220172734,2.20532113087469e-05,0.00088711667871733,"tpltpr1tpr4"
"795","AT3G54430",63.7454569014211,-0.663213357873676,0.235675116452421,0.000226009262098245,0.00571132166283098,"tpltpr1tpr4"
"796","AT3G55130",663.635170479071,-0.513522008646124,0.187514326551544,0.000334971752925262,0.00768190740622474,"tpltpr1tpr4"
"797","AT3G55610",10170.656816866,0.603619535467001,0.186521896483878,7.0842568366082e-05,0.00222824370952518,"tpltpr1tpr4"
"798","AT3G56400",5085.65390819411,-0.820400118785498,0.182360657240225,3.05766313671231e-07,2.6203951511832e-05,"tpltpr1tpr4"
"799","AT3G56710",968.961364283178,-1.22644317202442,0.214143070194427,3.22852266008674e-10,7.87260272979708e-08,"tpltpr1tpr4"
"800","AT3G57460",222.282554766395,-1.17374654525821,0.270520828656982,5.0418410180836e-07,3.90998903608956e-05,"tpltpr1tpr4"
"801","AT3G57600",16.2827353806712,-1.38162740906136,0.44108220580059,6.47997859316349e-05,0.00208002052620298,"tpltpr1tpr4"
"802","AT3G60415",1568.01827444525,-0.604733964922323,0.146254250390743,2.2653652974339e-06,0.000133828869066169,"tpltpr1tpr4"
"803","AT3G60470",11.1051049197457,-1.98661854682067,0.506997033870365,3.63168239667742e-06,0.000195227690292298,"tpltpr1tpr4"
"804","AT3G60710",37.8882803836175,0.874807196243984,0.263726378921516,4.20994318050649e-05,0.00144735154140291,"tpltpr1tpr4"
"805","AT3G61280",2058.43614161383,-0.756871043210748,0.154712341397215,4.69088279398983e-08,5.66089034317559e-06,"tpltpr1tpr4"
"806","AT3G62410",4040.61220617317,-0.709805350222792,0.122653725788527,4.29584078839089e-10,1.00298574469522e-07,"tpltpr1tpr4"
"807","AT3G62690",381.153501007951,0.736908192721724,0.10716968846643,3.47464698163188e-13,1.550675944463e-10,"tpltpr1tpr4"
"808","AT3G62780",61.5220241625904,-1.0057849809325,0.360100563115427,0.00016264822987729,0.00443216426415616,"tpltpr1tpr4"
"809","AT3G63110",338.89285696892,1.07655136047529,0.392612801519378,0.000202314968245505,0.00525286053118653,"tpltpr1tpr4"
"810","AT4G00700",332.060112338759,-1.38004331924906,0.271714948923908,1.5472340440265e-08,2.23150773435115e-06,"tpltpr1tpr4"
"811","AT4G00780",3767.3574408818,-0.902645846844191,0.143837676639655,1.83407183103871e-11,5.942643975282e-09,"tpltpr1tpr4"
"812","AT4G00870",107.17410492315,1.36002487979578,0.390065678661304,1.87208689951984e-05,0.000774134115985015,"tpltpr1tpr4"
"813","AT4G00955",281.505661481444,-0.684559767595352,0.176608686720889,4.61324521086589e-06,0.000238246919154172,"tpltpr1tpr4"
"814","AT4G01540",984.496118252535,0.936099064379712,0.16711503665059,9.60441228757351e-10,1.95838934343083e-07,"tpltpr1tpr4"
"815","AT4G02420",876.24499489353,-0.740829584179887,0.123535084637643,1.15393894375358e-10,3.21107268665922e-08,"tpltpr1tpr4"
"816","AT4G02825",517.16344728374,0.723799042566197,0.228170933797479,6.53260028344292e-05,0.00209370724260536,"tpltpr1tpr4"
"817","AT4G03060",4614.92477221103,0.744588093640221,0.124833980615123,1.45765047680615e-10,3.96296629056276e-08,"tpltpr1tpr4"
"818","AT4G03450",261.123371953093,-1.19802866802117,0.264310269060853,1.86543334431647e-07,1.78636011713027e-05,"tpltpr1tpr4"
"819","AT4G04410",2010.1625640308,1.58204354285588,0.225019360330787,5.19930489254155e-14,2.67345997007142e-11,"tpltpr1tpr4"
"820","AT4G04500",112.600646232404,-1.39850307688102,0.292010880174358,7.06269268615831e-08,8.03143606277416e-06,"tpltpr1tpr4"
"821","AT4G04510",29.1504475776609,-1.27151412354191,0.418168446700179,8.92600342146679e-05,0.00271720410460687,"tpltpr1tpr4"
"822","AT4G04610",10806.6343486835,0.535804855808516,0.0914112628789912,3.88419702253039e-10,9.28009213877891e-08,"tpltpr1tpr4"
"823","AT4G04695",409.564553606557,-0.863901827882858,0.229891987459521,5.85849192924073e-06,0.000292343691144158,"tpltpr1tpr4"
"824","AT4G04760",85.0442888582511,-1.12947045591636,0.415375631157664,0.000221508553246312,0.00563976513448334,"tpltpr1tpr4"
"825","AT4G04810",135.998881962622,0.733512042925074,0.20146724659019,1.38642478713995e-05,0.000601854164903446,"tpltpr1tpr4"
"826","AT4G04830",810.972325644123,0.696530737272576,0.150202631114142,1.82371472827928e-07,1.76066630481591e-05,"tpltpr1tpr4"
"827","AT4G04845",98.0579345133836,1.62668475627015,0.298022176863982,1.6172975502425e-09,3.03602690126079e-07,"tpltpr1tpr4"
"828","AT4G04865",28.0904074883141,1.66910100500178,0.344613402717347,4.76747474800321e-08,5.71527383678882e-06,"tpltpr1tpr4"
"829","AT4G04955",439.604536376008,-0.585639176894124,0.192278326124041,0.000130641682554737,0.00366991415376152,"tpltpr1tpr4"
"830","AT4G05520",138.852053011689,0.601095152046669,0.134453270381897,5.10730474402344e-07,3.94781304282308e-05,"tpltpr1tpr4"
"831","AT4G06517",13.8004362781608,3.64835671684776,0.564918782713347,7.99336926326128e-12,2.74611420545711e-09,"tpltpr1tpr4"
"832","AT4G06718",15.3942712425389,7.88128396838832,1.56375221440195,2.88936840690078e-11,8.87561440628885e-09,"tpltpr1tpr4"
"833","AT4G08470",2537.39014434653,-0.85280719032828,0.160697564848887,4.84640748615198e-09,7.96056085208005e-07,"tpltpr1tpr4"
"834","AT4G09510",1165.30800523002,0.586866938803367,0.125573648562684,2.16238991817462e-07,2.01413023815172e-05,"tpltpr1tpr4"
"835","AT4G10380",152.900738514443,0.773747736210091,0.299089405607023,0.000338752621959439,0.00773408857838475,"tpltpr1tpr4"
"836","AT4G10500",174.784882439222,-1.92645593676515,0.337639756032609,5.2398775229698e-10,1.14758169491486e-07,"tpltpr1tpr4"
"837","AT4G11000",162.744026747875,-1.31960100165641,0.325955542226591,1.63460644413666e-06,0.000103933726406356,"tpltpr1tpr4"
"838","AT4G11310",25.780421604646,-2.37900191333677,0.507952173883675,1.25114671008312e-07,1.28189976054168e-05,"tpltpr1tpr4"
"839","AT4G11320",630.382485543976,-0.971078158241786,0.242483834070218,2.87587486064549e-06,0.000163064394527703,"tpltpr1tpr4"
"840","AT4G11840",1241.16797917767,-0.635280505393042,0.204530327891481,9.3543339485064e-05,0.00280784341223378,"tpltpr1tpr4"
"841","AT4G11850",2169.99810092089,-0.517726443917406,0.177272143138371,0.000187817961098275,0.00495257328189241,"tpltpr1tpr4"
"842","AT4G11890",554.05539434155,-1.6977250029568,0.154631921237226,3.4574861791509e-29,6.81499338295468e-26,"tpltpr1tpr4"
"843","AT4G12030",2908.37486260148,0.531159055692779,0.1358426481808,6.15483878197564e-06,0.000303292503562645,"tpltpr1tpr4"
"844","AT4G12980",984.933684051077,-0.606358645087321,0.197760231827782,0.000110802114131447,0.00322361919501981,"tpltpr1tpr4"
"845","AT4G13577",225.600587861146,-0.82316819664417,0.307487178559752,0.000270885711833104,0.00653325229880179,"tpltpr1tpr4"
"846","AT4G13900",1665.19323500615,-0.537165368212256,0.144220841629912,1.14910044546202e-05,0.000515743317580894,"tpltpr1tpr4"
"847","AT4G14040",11840.4267434209,0.756038867381053,0.143907622762871,7.48345026623732e-09,1.16451348123231e-06,"tpltpr1tpr4"
"848","AT4G14365",993.962431251363,-0.820111812449253,0.206894641798451,3.35819066788108e-06,0.000184723915970677,"tpltpr1tpr4"
"849","AT4G14390",106.181907078757,-1.21614690958196,0.374627332207843,3.58706028028284e-05,0.00127924773595002,"tpltpr1tpr4"
"850","AT4G14400",23294.9892976968,-0.993559748585728,0.264538296345559,4.58830396765772e-06,0.000237607984627678,"tpltpr1tpr4"
"851","AT4G14480",203.624113570756,-0.964583252346393,0.162748098843437,1.60830782652629e-10,4.32287557054846e-08,"tpltpr1tpr4"
"852","AT4G14770",118.405051226247,0.571177767297326,0.210663567387864,0.000335884175655686,0.00768343172803088,"tpltpr1tpr4"
"853","AT4G15210",2494.00541930937,1.18194170766129,0.260539846762257,2.29910656869359e-07,2.10778169260889e-05,"tpltpr1tpr4"
"854","AT4G15233",676.81076205015,-0.779902811816408,0.210866845855432,9.77012342131538e-06,0.000450473156499752,"tpltpr1tpr4"
"855","AT4G15440",808.410085563158,0.647381527209791,0.16177604431795,3.49872068326888e-06,0.000190632572984753,"tpltpr1tpr4"
"856","AT4G15670",8.59644577089906,2.14947964808775,0.667487712064712,4.46122597678341e-05,0.00152267500763143,"tpltpr1tpr4"
"857","AT4G15690",35.4275563425138,1.78961072400455,0.370374537197474,5.77425446747466e-08,6.76130895639496e-06,"tpltpr1tpr4"
"858","AT4G15700",62.3102802603475,1.50772979829788,0.320528106504619,1.02162109528988e-07,1.10845888838952e-05,"tpltpr1tpr4"
"859","AT4G15710",9.70363157434382,1.83695758720556,0.543683025370225,2.76571925536247e-05,0.00105297492346098,"tpltpr1tpr4"
"860","AT4G16590",1010.5443065548,1.83428804825771,0.549605438038589,2.22370610936848e-05,0.000889971583839131,"tpltpr1tpr4"
"861","AT4G16857",106.11516320027,-0.816106775643864,0.168406381685287,6.75628456176805e-08,7.75759217182037e-06,"tpltpr1tpr4"
"862","AT4G16870",53.4466239024497,-1.1034705788355,0.275387281292882,2.61371327827095e-06,0.000151446442108965,"tpltpr1tpr4"
"863","AT4G16892",82.4739135347973,-0.566064218338619,0.212396513313126,0.000390673118851571,0.00855827305700268,"tpltpr1tpr4"
"864","AT4G17460",202.678653416998,0.770777014305071,0.196892050559874,4.53438656476733e-06,0.000235718341574597,"tpltpr1tpr4"
"865","AT4G17480",37.8461152284861,-1.4534577595026,0.367423141858094,2.92535027333649e-06,0.000164745976226733,"tpltpr1tpr4"
"866","AT4G17980",59.1032154589626,1.10625614014907,0.332612095075176,3.49669138834593e-05,0.001251244196801,"tpltpr1tpr4"
"867","AT4G18253",95.7052781177909,-0.896491805710506,0.343076979957185,0.000320751633822413,0.00743797881843287,"tpltpr1tpr4"
"868","AT4G18970",84.7805177863967,-1.70719943245481,0.44651637920606,4.59082775862889e-06,0.000237607984627678,"tpltpr1tpr4"
"869","AT4G20320",227.242913278027,0.806846287293872,0.24189707750086,4.04131340547195e-05,0.00139546256904566,"tpltpr1tpr4"
"870","AT4G21380",3277.20807888216,-0.736929821164515,0.166553650680291,3.79111955683662e-07,3.1135885721478e-05,"tpltpr1tpr4"
"871","AT4G21445",123.176488178005,-0.786763821231313,0.289232664465654,0.000245388123644239,0.00604937128586571,"tpltpr1tpr4"
"872","AT4G21650",3867.37674940741,-0.808558523393108,0.196047528818088,1.80347683118239e-06,0.000112553133213607,"tpltpr1tpr4"
"873","AT4G22305",465.733938559146,-0.707634972972317,0.181000025437393,3.9081304635994e-06,0.000207262353936136,"tpltpr1tpr4"
"874","AT4G22530",231.81674227641,-0.631360307254876,0.139662503183139,3.63853369779881e-07,3.01972763347492e-05,"tpltpr1tpr4"
"875","AT4G23130",787.555264762447,-0.751307816622223,0.206104057596775,1.1383916483856e-05,0.000511908320518339,"tpltpr1tpr4"
"876","AT4G23140",1553.99755484331,-0.910233862687154,0.288263259669258,6.23263280075171e-05,0.00201119322832442,"tpltpr1tpr4"
"877","AT4G23180",2453.76724787661,-0.577672732088839,0.170293789043985,3.59517665719888e-05,0.00127924773595002,"tpltpr1tpr4"
"878","AT4G23200",231.167751820623,-1.47968693882269,0.216536584878593,4.22305599949494e-13,1.81614442829189e-10,"tpltpr1tpr4"
"879","AT4G23220",864.59748177194,-0.773949121503976,0.169440717612149,2.45471565808574e-07,2.20765739394304e-05,"tpltpr1tpr4"
"880","AT4G23270",2201.68230703629,-0.521542073905156,0.116534255047768,6.21187935834098e-07,4.67928606569551e-05,"tpltpr1tpr4"
"881","AT4G23310",69.0192725876071,-2.33978178456001,0.297663117030128,2.45267422718184e-16,1.81290948423538e-13,"tpltpr1tpr4"
"882","AT4G23320",228.116736807499,-1.71073072567931,0.178275204080275,4.03164087969791e-23,5.01896851197341e-20,"tpltpr1tpr4"
"883","AT4G23500",494.790938239801,-0.771153834043634,0.138228458538948,1.35393038570467e-09,2.62496027976005e-07,"tpltpr1tpr4"
"884","AT4G23600",88235.4745607449,0.603881931201453,0.190325523436653,8.03986120989015e-05,0.00249890719050633,"tpltpr1tpr4"
"885","AT4G23610",125.74452931345,-1.13961848141987,0.217922152200739,7.99458057322706e-09,1.22789489804247e-06,"tpltpr1tpr4"
"886","AT4G23990",159.188332658651,-0.918163864142089,0.269281282512419,2.87191042448264e-05,0.00107995703132413,"tpltpr1tpr4"
"887","AT4G24540",792.215590896792,0.799886237089976,0.105068688075975,1.58688617508661e-15,9.93402042778757e-13,"tpltpr1tpr4"
"888","AT4G25070",166.197453363526,-2.00504259261312,0.279205364585618,2.73086298853205e-14,1.50216516901741e-11,"tpltpr1tpr4"
"889","AT4G25434",174.009050901383,-0.655839188655641,0.125324298025441,9.7973075783106e-09,1.46668174778342e-06,"tpltpr1tpr4"
"890","AT4G25940",924.457079862507,-0.507598242390378,0.119208432513355,1.40408970736127e-06,9.22525940228227e-05,"tpltpr1tpr4"
"891","AT4G26090",507.653301218476,-0.88156511665748,0.114410412740915,7.39362459585452e-16,4.99661150187848e-13,"tpltpr1tpr4"
"892","AT4G26140",184.393031530052,-0.92692611260927,0.231824104308167,2.88170282469791e-06,0.000163064394527703,"tpltpr1tpr4"
"893","AT4G26530",3306.92699043533,-1.19131678337137,0.38789299021385,8.26248888050512e-05,0.00255801897238989,"tpltpr1tpr4"
"894","AT4G27370",101.04195368876,0.615191634730562,0.175784882564184,2.65460268863987e-05,0.0010176550631183,"tpltpr1tpr4"
"895","AT4G27730",223.211225050485,0.609666770934661,0.173862663052507,2.50074767716012e-05,0.000966695935353218,"tpltpr1tpr4"
"896","AT4G27740-AT4G27745",110.322960313165,-0.509208506135896,0.139273371334694,1.779536832663e-05,0.000743664040688658,"tpltpr1tpr4"
"897","AT4G27860",1055.30592989527,0.698208315913516,0.120719332086897,4.60668222335543e-10,1.05788208377695e-07,"tpltpr1tpr4"
"898","AT4G28070",140.716413989583,-0.52050410347362,0.147111665120576,2.47529636957808e-05,0.000961081203827085,"tpltpr1tpr4"
"899","AT4G28390",395.799793776801,0.829824849301106,0.14591459122457,7.29766717193499e-10,1.52753735944937e-07,"tpltpr1tpr4"
"900","AT4G28490",1370.24289586804,-0.563459152268325,0.171662234485482,5.35651265683255e-05,0.00178447315312761,"tpltpr1tpr4"
"901","AT4G28790",118.691748751968,1.18252229954867,0.401847482713048,9.57232869045352e-05,0.00285876629438507,"tpltpr1tpr4"
"902","AT4G29080",384.483290687689,-0.521849691586961,0.187499035344071,0.000275986936578898,0.00661389970709289,"tpltpr1tpr4"
"903","AT4G30110",950.602459582787,0.927406559521564,0.249251097265134,7.03435576765138e-06,0.000341009539658023,"tpltpr1tpr4"
"904","AT4G30120",11.4769717348618,-1.14842838870078,0.465465329018819,0.000477375779771653,0.00988736367682917,"tpltpr1tpr4"
"905","AT4G30270",1887.00137272367,1.46231597114968,0.328120978044315,3.58494708910929e-07,2.98573075699655e-05,"tpltpr1tpr4"
"906","AT4G31910",34.3473318166476,1.2112771339781,0.270440612523322,3.68975260572321e-07,3.04089611091188e-05,"tpltpr1tpr4"
"907","AT4G32980",1315.83054017719,0.670569376150196,0.143400364951046,1.68620446858962e-07,1.67380758384643e-05,"tpltpr1tpr4"
"908","AT4G33050",2049.43166543006,-0.856625165473076,0.171190606742086,2.83316218586091e-08,3.74373101576358e-06,"tpltpr1tpr4"
"909","AT4G33810",127.279765559265,-1.17535746863037,0.216618930290275,2.72279634049766e-09,4.77054087716972e-07,"tpltpr1tpr4"
"910","AT4G34250",25.1091120572163,-2.7543584744417,0.821374276300335,2.32338908468757e-05,0.000920521306869601,"tpltpr1tpr4"
"911","AT4G34320",27.979473578992,-0.75872404163868,0.300489009072825,0.000427593731508457,0.00909521090950497,"tpltpr1tpr4"
"912","AT4G34760",75.0240666066133,0.632797629207984,0.184433055376429,3.32177752645833e-05,0.00120321598519631,"tpltpr1tpr4"
"913","AT4G34950",7998.539635491,1.05185120313972,0.398047427685214,0.00029089780396691,0.00691518166555711,"tpltpr1tpr4"
"914","AT4G36850",15.824393161788,1.75433872951523,0.607764623680354,0.000123477386071893,0.00352305260887634,"tpltpr1tpr4"
"915","AT4G37140",81.5466406706526,0.675349605995773,0.189356482814313,1.86966336732323e-05,0.000774134115985015,"tpltpr1tpr4"
"916","AT4G37370",314.522653716169,-0.611235002757974,0.139914751543626,7.54001230600116e-07,5.50444169981005e-05,"tpltpr1tpr4"
"917","AT4G37520",389.264456745031,1.6980958206946,0.647920042677573,0.000166186041941006,0.00449318854981296,"tpltpr1tpr4"
"918","AT4G37530",450.955472272957,1.00300786627552,0.246202900832632,2.02676340602165e-06,0.0001235529870188,"tpltpr1tpr4"
"919","AT4G37540",259.569937945072,1.00221226124991,0.270514506846688,9.10616224658548e-06,0.00042566809410768,"tpltpr1tpr4"
"920","AT4G37580",164.451829727862,0.543867927823759,0.204273528284321,0.000424169501280011,0.00907044972335737,"tpltpr1tpr4"
"921","AT4G37610",84.5960497506761,0.953740404104531,0.304859006928356,6.45730679985329e-05,0.00207802282635279,"tpltpr1tpr4"
"922","AT4G37800",5296.17072270797,1.20709145788955,0.244729904870238,2.76622030200475e-08,3.69657676854906e-06,"tpltpr1tpr4"
"923","AT4G38560",122.947198231594,-1.19560378796141,0.270794892813656,4.41697268035247e-07,3.50586089960996e-05,"tpltpr1tpr4"
"924","AT4G38620",663.001199063259,0.754247274314954,0.1448369610749,1.08057263834656e-08,1.60747073049127e-06,"tpltpr1tpr4"
"925","AT4G39940",5263.080714085,0.51159791055868,0.126457693384304,3.51396447898161e-06,0.000190632572984753,"tpltpr1tpr4"
"926","AT5G02260",479.50503944068,0.86717005568068,0.208225094184509,1.57491735949974e-06,0.0001013806187438,"tpltpr1tpr4"
"927","AT5G02430",168.563202945012,0.627652294389485,0.14365585263017,7.72071432820464e-07,5.61901710784691e-05,"tpltpr1tpr4"
"928","AT5G03350",2214.6652680112,-2.05078493303745,0.613474979412805,9.06717116176529e-06,0.000424684751463831,"tpltpr1tpr4"
"929","AT5G04355",17.4449802319933,3.19860025830928,0.414918349163011,1.17476741962038e-15,7.71854827118915e-13,"tpltpr1tpr4"
"930","AT5G04370",29.3909979508318,-1.54524805697022,0.452564737288162,1.9155098564325e-05,0.000787957471899093,"tpltpr1tpr4"
"931","AT5G04950",335.269610017716,1.45475605570194,0.297892790667146,4.98922902164719e-08,5.93016251502618e-06,"tpltpr1tpr4"
"932","AT5G05340",276.688275113746,1.52608358225292,0.377301162920897,1.72244999830222e-06,0.000108354015451708,"tpltpr1tpr4"
"933","AT5G05600",4784.61228521802,0.876919834404735,0.193371437341614,2.89116764921041e-07,2.49579519732751e-05,"tpltpr1tpr4"
"934","AT5G07130",151.569403635408,-0.665707627807905,0.162088928169913,2.18354310816301e-06,0.000130422588730757,"tpltpr1tpr4"
"935","AT5G07280",18.2545804764666,-1.12373881483521,0.365126710419926,8.10894794908533e-05,0.00251377386421645,"tpltpr1tpr4"
"936","AT5G07690",2235.95375238223,1.12788992850108,0.123536345909384,3.60123508942507e-21,3.70347885087701e-18,"tpltpr1tpr4"
"937","AT5G07700",335.840462640141,0.834156795268229,0.142028103585286,2.43095013062007e-10,6.0525540462691e-08,"tpltpr1tpr4"
"938","AT5G07770",700.907113962068,-0.941523881308521,0.154423366370471,4.7282417667857e-11,1.41565952544028e-08,"tpltpr1tpr4"
"939","AT5G07780",21.8044485056953,-1.82192611444768,0.339070765080129,4.26642622380748e-09,7.15700563629208e-07,"tpltpr1tpr4"
"940","AT5G08000",101.295165504557,0.865630377470982,0.225165785209796,5.74039165758465e-06,0.000288274912689702,"tpltpr1tpr4"
"941","AT5G08275",94.5197287748738,-1.11403198409863,0.328885280030511,3.00159585483228e-05,0.0011162826781505,"tpltpr1tpr4"
"942","AT5G08760",1111.21224877898,-0.5811514197366,0.144676626048622,3.62342308308951e-06,0.000195227394497304,"tpltpr1tpr4"
"943","AT5G09320",3.31391905822093,-3.63958521029167,0.96990999006589,1.9131688934667e-05,0.000787957471899093,"tpltpr1tpr4"
"944","AT5G09440",797.79927431245,0.923279957375221,0.207830407512516,4.38610767127655e-07,3.4930843349732e-05,"tpltpr1tpr4"
"945","AT5G10336",19.6162009955677,-1.21210349986024,0.351497741376522,2.4174746575736e-05,0.00094951787351312,"tpltpr1tpr4"
"946","AT5G10380",1605.69146034736,-0.533408340252186,0.142660809392397,1.13655917924661e-05,0.000511908320518339,"tpltpr1tpr4"
"947","AT5G10600",191.714763158633,-0.887977311381742,0.309776360915933,0.000163273088649428,0.00443896363887921,"tpltpr1tpr4"
"948","AT5G10760",5361.56469777817,-0.632156018872818,0.23431094444245,0.000315208660443069,0.00735995108140168,"tpltpr1tpr4"
"949","AT5G10910",1465.04757421959,1.61814838515374,0.0981818595488798,2.18689441598917e-62,6.46582670267399e-59,"tpltpr1tpr4"
"950","AT5G10920",1395.16482359968,0.767950634642256,0.103989431249745,9.22486073679516e-15,5.19513407160514e-12,"tpltpr1tpr4"
"951","AT5G10930",4481.38481617329,0.820685270099046,0.198154123854444,1.56582369336564e-06,0.000101192425735458,"tpltpr1tpr4"
"952","AT5G10940",1855.57456870593,1.02729161270012,0.0601203656197867,6.19407104663058e-67,2.44180604109922e-63,"tpltpr1tpr4"
"953","AT5G10945-AT5G10946",384.380737409308,1.25492006691785,0.120987043896633,1.51575127055653e-26,2.39013765349824e-23,"tpltpr1tpr4"
"954","AT5G10950",1238.67231128569,1.09583336146824,0.0651004804812876,7.85021489422504e-65,2.65258761275864e-61,"tpltpr1tpr4"
"955","AT5G11330",2796.16744775117,-1.57725188326188,0.0670782457103191,1.3178719981107e-124,1.03905421237708e-120,"tpltpr1tpr4"
"956","AT5G13210",295.682683683271,-0.534020914194939,0.187139463102613,0.000238694142863202,0.00592473644947076,"tpltpr1tpr4"
"957","AT5G13220",205.171833294357,0.856325538845031,0.267494586719844,5.72125646114468e-05,0.00188474761943531,"tpltpr1tpr4"
"958","AT5G13680",1413.91758991971,-0.544860116717917,0.178493249631292,0.000130286244654373,0.00366864350572605,"tpltpr1tpr4"
"959","AT5G14200",9162.48310568173,0.611438586407268,0.151350538275289,3.23926155686434e-06,0.000181130623178516,"tpltpr1tpr4"
"960","AT5G15180",13.2412499260141,-1.65932156000582,0.486621734315131,2.99416371636563e-05,0.0011162826781505,"tpltpr1tpr4"
"961","AT5G16570",69.9103296656809,-0.511694401435731,0.184977778596312,0.00034074265196411,0.0077421574898243,"tpltpr1tpr4"
"962","AT5G17700",244.815620437555,-0.963202755266796,0.217067045224542,3.90303479121679e-07,3.19441113898446e-05,"tpltpr1tpr4"
"963","AT5G17780",34.2670559886078,-1.02625352713636,0.304336353214567,2.9449807194396e-05,0.00110217767336875,"tpltpr1tpr4"
"964","AT5G17880",838.668371266163,-0.630862823218227,0.106070315705346,1.72986800167818e-10,4.59736717344875e-08,"tpltpr1tpr4"
"965","AT5G17970",14.6970048165489,1.98328475869521,0.633631024171592,5.75136503981136e-05,0.00188678276403132,"tpltpr1tpr4"
"966","AT5G18740",2.37822563800422,3.31837360278229,1.1992332883167,0.000195882867207373,0.0051252405509469,"tpltpr1tpr4"
"967","AT5G18780",564.86790759771,-0.653009630818708,0.114382794174627,7.13746032410215e-10,1.50734240219632e-07,"tpltpr1tpr4"
"968","AT5G19120",101.621526302262,1.04163280733315,0.422107481990086,0.000414325230056038,0.00894163746944842,"tpltpr1tpr4"
"969","AT5G19600",9.76087007698138,-4.40876619313046,0.666367465862951,6.05175320733414e-12,2.13644953153843e-09,"tpltpr1tpr4"
"970","AT5G20670",69.1969226657136,0.587762365956265,0.213685556985583,0.000304821848320481,0.00715983235186131,"tpltpr1tpr4"
"971","AT5G22380",58.225665399806,-1.10646690549918,0.268982827274674,1.74518497279674e-06,0.000109492997776025,"tpltpr1tpr4"
"972","AT5G22545",130.078834798039,-0.962479965606396,0.251814984148058,5.89333224451873e-06,0.00029346313174653,"tpltpr1tpr4"
"973","AT5G22570",158.10710110805,-1.67065046239648,0.361741096751509,8.67118510692344e-08,9.58409071654487e-06,"tpltpr1tpr4"
"974","AT5G23010",27621.5957481162,0.619334390811798,0.139662772814195,5.73501218702286e-07,4.3617441562589e-05,"tpltpr1tpr4"
"975","AT5G23350",15.1516204109634,1.58499520531031,0.483561875689809,3.9108774718722e-05,0.00136436555814444,"tpltpr1tpr4"
"976","AT5G23360",33.7299332435522,1.15471230974942,0.354615404555811,4.60903076803444e-05,0.00156185393633694,"tpltpr1tpr4"
"977","AT5G23530",19.2587136438022,-1.00950000749411,0.40769567333284,0.000458323716477469,0.00957661737265156,"tpltpr1tpr4"
"978","AT5G23870",256.882368085,0.931090619949609,0.206474307296251,3.20481235900177e-07,2.70726524026674e-05,"tpltpr1tpr4"
"979","AT5G23980",290.438274842875,0.977491543064024,0.221674684163381,5.02191423972305e-07,3.90734662868978e-05,"tpltpr1tpr4"
"980","AT5G24160",884.265709815674,0.820955050272307,0.257532568525956,5.8310732921736e-05,0.00190764006334415,"tpltpr1tpr4"
"981","AT5G24210",1100.62208973464,-0.902133798251807,0.283037548761206,5.29145327790329e-05,0.00176777887545546,"tpltpr1tpr4"
"982","AT5G24780",2938.22069776297,0.927672131607345,0.262812118116061,1.83977845948828e-05,0.000764785235540882,"tpltpr1tpr4"
"983","AT5G25240",169.688905842254,0.592863077572775,0.168133706873296,2.47744530969597e-05,0.000961081203827085,"tpltpr1tpr4"
"984","AT5G25250",724.25364168559,-0.670633385672468,0.236917563402401,0.000201343024907301,0.0052391271376594,"tpltpr1tpr4"
"985","AT5G25260",83.4553317806755,-0.992738475288279,0.317310471917087,7.14343615819603e-05,0.00224387377755393,"tpltpr1tpr4"
"986","AT5G25440",562.975914662745,-0.715855172815473,0.145755086098671,4.56680163409036e-08,5.53941328467381e-06,"tpltpr1tpr4"
"987","AT5G25890",680.96376344124,-0.548886349468395,0.0930053157885975,2.34806438061597e-10,5.90837944624569e-08,"tpltpr1tpr4"
"988","AT5G25980",22001.5916942822,-1.29861279438425,0.218520836545703,1.01003607994522e-10,2.84409326177909e-08,"tpltpr1tpr4"
"989","AT5G26000",30220.9706837005,-1.47817414145314,0.180381650255521,1.21745800769717e-17,1.02844765200218e-14,"tpltpr1tpr4"
"990","AT5G26030-AT5G26038",88.5882158743023,-1.26010965143232,0.315016175325149,2.6326479481216e-06,0.000151878102236391,"tpltpr1tpr4"
"991","AT5G26170",91.1339254633217,-0.817246778367704,0.273644512515239,0.000118288637015496,0.00339961255325338,"tpltpr1tpr4"
"992","AT5G26690",167.895871399553,-1.09260064439739,0.22011218928847,3.46142845532158e-08,4.37824423816692e-06,"tpltpr1tpr4"
"993","AT5G26920",465.293787546447,-1.22039057442207,0.195546456961146,2.12402377387368e-11,6.78912625992352e-09,"tpltpr1tpr4"
"994","AT5G27030",1921.00657751453,2.88316859025999,0.119390959398493,2.48501427845458e-130,2.93890213641431e-126,"tpltpr1tpr4"
"995","AT5G27037",13.0933791350538,3.37182177403648,0.624538525636209,3.83140586288168e-09,6.4731602053386e-07,"tpltpr1tpr4"
"996","AT5G27230",33.6767614914228,0.932135734307057,0.233951542858796,3.29226171079315e-06,0.000182369710176558,"tpltpr1tpr4"
"997","AT5G27360",368.269765673335,0.536083590619301,0.187219439651091,0.000233937603211541,0.00585537156482813,"tpltpr1tpr4"
"998","AT5G27420",253.951848927695,-0.735755291726593,0.213370920708574,2.61016605908906e-05,0.00100387411049811,"tpltpr1tpr4"
"999","AT5G28320",101.496698822243,9.0844579967624,1.25322055496802,6.53939468138195e-26,9.66726889992045e-23,"tpltpr1tpr4"
"1000","AT5G28320-AT5G28330",406.980470594349,2.18389905456617,0.239139527927196,2.54125517904727e-21,2.73219585227296e-18,"tpltpr1tpr4"
"1001","AT5G32431",4.32404717433625,5.81470730341062,1.49547700443314,1.03843759819385e-07,1.11646202318542e-05,"tpltpr1tpr4"
"1002","AT5G35935",255.026333265644,6.82009531132982,0.358579662135592,8.18605393453325e-81,3.8724946742703e-77,"tpltpr1tpr4"
"1003","AT5G36670",70.7476025057413,0.855066855577771,0.345586147569787,0.0004754358062608,0.00985581343162726,"tpltpr1tpr4"
"1004","AT5G37600",3484.33809718679,-0.730123437977786,0.159713848174249,2.17992365013673e-07,2.01413023815172e-05,"tpltpr1tpr4"
"1005","AT5G38200",36.9623184379151,-1.0668312753468,0.239125172579183,3.56845896213842e-07,2.98250034740142e-05,"tpltpr1tpr4"
"1006","AT5G38210",770.878873537172,-0.527509820606541,0.118268798092472,5.83937599271666e-07,4.42688334473484e-05,"tpltpr1tpr4"
"1007","AT5G38250",40.5233186107438,-1.0339639088964,0.40505729956616,0.000376199995724149,0.00830061427132769,"tpltpr1tpr4"
"1008","AT5G38280",54.9458222405885,0.726119871988964,0.250631188792512,0.000165565727782399,0.00449097036609758,"tpltpr1tpr4"
"1009","AT5G39020",593.34251586648,-0.660317710843593,0.185269217811499,1.7181021063037e-05,0.000724389823893072,"tpltpr1tpr4"
"1010","AT5G39160",27.7998806352208,-1.33969376050959,0.526198382300386,0.000347928731824424,0.00786764655243126,"tpltpr1tpr4"
"1011","AT5G39190",54.3302521737681,-1.78333745225275,0.371783647748727,6.91738017340569e-08,7.90419291022052e-06,"tpltpr1tpr4"
"1012","AT5G40330",42.7364128372951,-0.634222098018818,0.206341297939157,0.000114593917442663,0.00330604286617917,"tpltpr1tpr4"
"1013","AT5G41120",566.673401425578,0.606602727478073,0.0904000743495876,1.36708140273638e-12,5.48060617269892e-10,"tpltpr1tpr4"
"1014","AT5G41160",57.3600827206032,-0.965737573391288,0.302841493581626,5.30045662801031e-05,0.00176828914841083,"tpltpr1tpr4"
"1015","AT5G41750",790.256699032474,-0.817352557130935,0.150442498447649,2.8930259340997e-09,5.03152517788678e-07,"tpltpr1tpr4"
"1016","AT5G42380",37.0746909916384,-1.31712410207587,0.317815709474311,1.57931856030328e-06,0.0001013806187438,"tpltpr1tpr4"
"1017","AT5G42830",43.913375976321,-1.36761935924388,0.399444841037835,2.16853682496889e-05,0.000876793188392977,"tpltpr1tpr4"
"1018","AT5G43040",16.4877141770331,-1.6472055061176,0.363308562250055,2.66852400193479e-07,2.34641629062318e-05,"tpltpr1tpr4"
"1019","AT5G43910",194.080093208634,-0.541115809764226,0.164374961950284,6.05801587903632e-05,0.00196827265915997,"tpltpr1tpr4"
"1020","AT5G44400",1290.52743796449,-0.54183464832244,0.137477246534736,5.09180207075189e-06,0.000259561194783393,"tpltpr1tpr4"
"1021","AT5G45000",130.906113224384,-1.04622715128051,0.243848907666664,7.83310152501099e-07,5.66594343642462e-05,"tpltpr1tpr4"
"1022","AT5G45720",108.865732283433,0.583557723816916,0.181135683731643,6.97486505973502e-05,0.00220556795799348,"tpltpr1tpr4"
"1023","AT5G45840",114.953439916937,-0.657017167460041,0.214691546213478,0.000106299982770878,0.00311563010220516,"tpltpr1tpr4"
"1024","AT5G46590",295.797378066384,0.936600060206908,0.258023069541046,1.24728930803072e-05,0.000550412947814376,"tpltpr1tpr4"
"1025","AT5G46600",482.263175261119,0.885377510002305,0.196010598050703,3.07079212048499e-07,2.62214606591449e-05,"tpltpr1tpr4"
"1026","AT5G48850",373.785832424786,1.23522769915568,0.299974490867346,1.28397628431121e-06,8.53086827326209e-05,"tpltpr1tpr4"
"1027","AT5G49680",194.811402359566,-0.629863383938466,0.221847122341734,0.000214898218718432,0.00550106879583017,"tpltpr1tpr4"
"1028","AT5G51670",192.471935775861,0.623760471562715,0.131010183163975,1.14769284568144e-07,1.21189191423675e-05,"tpltpr1tpr4"
"1029","AT5G52750",1047.16920400921,-0.668157402228845,0.134547595924168,3.61738871327483e-08,4.52709498598358e-06,"tpltpr1tpr4"
"1030","AT5G52760",355.806215438304,-1.26354127852897,0.191239899307969,1.93104550372677e-12,7.25000306343639e-10,"tpltpr1tpr4"
"1031","AT5G52882",238.46620913971,0.748459640247569,0.166141114483614,3.6811067703918e-07,3.04089611091188e-05,"tpltpr1tpr4"
"1032","AT5G53880",1011.97894795502,0.501204429452296,0.147384370354043,4.85264269576509e-05,0.00163271063560358,"tpltpr1tpr4"
"1033","AT5G54230",27.4428620129146,-1.59597165377691,0.432422449310029,8.04203188448525e-06,0.000380436360327459,"tpltpr1tpr4"
"1034","AT5G54510",110.071496123498,1.30318920518806,0.169002976613204,6.23767321627096e-16,4.33940248777815e-13,"tpltpr1tpr4"
"1035","AT5G54610",4613.5219277672,-0.851051940180752,0.197623954244858,7.44175466353595e-07,5.44953012559182e-05,"tpltpr1tpr4"
"1036","AT5G55170",51.1806090002181,-0.791288051313755,0.30536805801001,0.000344321409313657,0.00780099070354017,"tpltpr1tpr4"
"1037","AT5G55250",124.879722756549,-0.624475721377516,0.212026384093785,0.000158968401531428,0.00434691283401487,"tpltpr1tpr4"
"1038","AT5G55450",776.136267381149,-1.59793643277103,0.242797878835025,1.80581717293236e-12,6.88919251473695e-10,"tpltpr1tpr4"
"1039","AT5G55460",216.385380976507,-1.2718937227093,0.22181192189337,4.32522495915579e-10,1.00298574469522e-07,"tpltpr1tpr4"
"1040","AT5G57130",879.484386659911,0.583061513376402,0.161365967255009,1.97719050689472e-05,0.000811918178117721,"tpltpr1tpr4"
"1041","AT5G57340",657.852491631101,0.777756008802918,0.201083902030051,5.52040582306808e-06,0.000279004613104763,"tpltpr1tpr4"
"1042","AT5G59670",1675.1163242033,-1.51901855343931,0.255033665579013,6.90353361253947e-11,1.99133268948044e-08,"tpltpr1tpr4"
"1043","AT5G59680",156.040686832949,-2.38176284311687,0.31916279536058,1.81822705313684e-15,1.10273139712425e-12,"tpltpr1tpr4"
"1044","AT5G59780",2785.47010769522,0.785968456058746,0.125864203128631,2.74651828413729e-11,8.66178626329323e-09,"tpltpr1tpr4"
"1045","AT5G60142",80.2745466010071,0.539375020303565,0.19337709119894,0.000269996661706004,0.00652321863057417,"tpltpr1tpr4"
"1046","AT5G60200",414.106323359502,0.926678327816438,0.199596972737453,1.55681485396426e-07,1.56695071237517e-05,"tpltpr1tpr4"
"1047","AT5G60760",82.4961594943613,0.561666573028761,0.205622277738095,0.000325703394669145,0.00752330311924735,"tpltpr1tpr4"
"1048","AT5G60900",2008.56424255943,-1.03078483091962,0.158613421852584,2.18093889154817e-12,8.06027306277952e-10,"tpltpr1tpr4"
"1049","AT5G63450",57.2359411264804,1.213274906424,0.270078045326194,3.19395150209686e-07,2.70726524026674e-05,"tpltpr1tpr4"
"1050","AT5G64000",105.621670859932,-0.87213486272078,0.210408447921388,1.68814485537831e-06,0.000106763877711933,"tpltpr1tpr4"
"1051","AT5G64810",165.303087560794,-1.1829798176627,0.24715405431517,7.59179214620628e-08,8.57110639127713e-06,"tpltpr1tpr4"
"1052","AT5G64910",33.3882151366945,-1.2411997287017,0.441873456081255,0.000171142722641178,0.00460004411208157,"tpltpr1tpr4"
"1053","AT5G65010",4536.92294520056,0.640987969499299,0.138371657006938,2.16431489427174e-07,2.01413023815172e-05,"tpltpr1tpr4"
"1054","AT5G65140",679.312237743397,1.0414446926135,0.128446950510281,2.7662978030294e-17,2.11068522371143e-14,"tpltpr1tpr4"
"1055","AT5G65320",62.0407205712478,0.583823551294928,0.210299958557776,0.000289539444724791,0.00689675376241237,"tpltpr1tpr4"
"1056","AT5G65850",50.403823768777,0.727005452029937,0.171427377311125,1.25230851033005e-06,8.34390230840472e-05,"tpltpr1tpr4"
"1057","AT5G66640",45.420516458637,-1.12930760509663,0.281579955389529,2.61876272872645e-06,0.000151446442108965,"tpltpr1tpr4"
"1058","AT5G67300",3166.56363135385,0.555405961352561,0.108395509174184,2.05589608788441e-08,2.87740296844556e-06,"tpltpr1tpr4"
"1059","AT1G01070",240.48486283468,0.656479056385094,0.186687638418374,1.6575904612914e-05,0.00585178913148141,"tpr2tpr3"
"1060","AT1G07620",316.177858671597,0.814438715152123,0.210053646855884,3.89526142674931e-06,0.00230336546317253,"tpr2tpr3"
"1061","AT1G07887",193.132139303556,7.01036569911989,0.409185647255213,1.62654376358013e-64,9.61815990999023e-61,"tpr2tpr3"
"1062","AT1G07887-AT1G53490",28.6955871899772,3.5872039216218,0.854108792092372,9.32118066646569e-07,0.000734912954346377,"tpr2tpr3"
"1063","AT1G08940",234.548459789654,0.978709632940505,0.166677522505172,1.91908217511935e-10,3.24228933486414e-07,"tpr2tpr3"
"1064","AT1G10070",729.036746326806,1.12118963939103,0.345277064275272,3.13495888249341e-05,0.00880399826813924,"tpr2tpr3"
"1065","AT1G13470",1467.28722871476,0.92530210364828,0.274235096769316,2.62430889616475e-05,0.00816747083170852,"tpr2tpr3"
"1066","AT1G21240",239.537039221068,1.2120183581232,0.266749263094019,2.11125736677434e-07,0.000208073210401306,"tpr2tpr3"
"1067","AT1G24260",67.7318896520146,1.00178302341496,0.289031934610104,2.20153122626437e-05,0.00733419973166637,"tpr2tpr3"
"1068","AT1G32450",895.538687448707,0.541566161014233,0.1412851565946,5.53551806403288e-06,0.00311741925639451,"tpr2tpr3"
"1069","AT1G47890",23.2587233619958,1.53803487155802,0.433939335234267,1.44017208741374e-05,0.00532256099743707,"tpr2tpr3"
"1070","AT1G52040",18237.2423067985,0.557140899929814,0.136525457396578,2.36623493963772e-06,0.00164613397138973,"tpr2tpr3"
"1071","AT1G66540",321.168616502211,-0.679188519601489,0.181824293645094,7.04796127716668e-06,0.00347302975185049,"tpr2tpr3"
"1072","AT1G75945",25.5123616014492,5.25099715417713,0.53524242577184,8.3015367099178e-24,2.18173608666317e-20,"tpr2tpr3"
"1073","AT2G00340",7.26480186218843,2.1739509039499,0.650222961700901,3.65938151116503e-05,0.00983583532768029,"tpr2tpr3"
"1074","AT2G04495",137.133791806319,0.751664589279243,0.197975168314249,5.69697322532664e-06,0.00313373273717793,"tpr2tpr3"
"1075","AT2G08635",136.319897101979,0.519503187150622,0.152869805430853,2.60972802087408e-05,0.00816747083170852,"tpr2tpr3"
"1076","AT2G18660",206.177515427516,1.3613673753508,0.242589699929201,7.35713880019408e-10,1.1601226936066e-06,"tpr2tpr3"
"1077","AT2G31110",397.988212477816,0.526436994989544,0.100049931732642,7.31374378879079e-09,9.61066565757047e-06,"tpr2tpr3"
"1078","AT2G40230",33.2517877520627,-1.05263535155473,0.295526792780593,1.39373319203696e-05,0.00530120735910017,"tpr2tpr3"
"1079","AT2G44500",669.571429483439,0.809450762709104,0.221939362783964,1.00767382731864e-05,0.00458355943030149,"tpr2tpr3"
"1080","AT2G46400",265.281034600179,0.673375891830574,0.179097977164531,6.90363313828998e-06,0.00347302975185049,"tpr2tpr3"
"1081","AT2G47180",390.129009033714,-0.890629473717657,0.194316415583133,1.84774527791909e-07,0.000190020517646175,"tpr2tpr3"
"1082","AT3G09540",1019.63432834064,-0.536324244656353,0.136330418012885,3.23140320117186e-06,0.00201137841887679,"tpr2tpr3"
"1083","AT3G13950",59.9811894474171,1.02939888458439,0.260212678713464,2.99633239639456e-06,0.00194347710798377,"tpr2tpr3"
"1084","AT3G15536",60.1114827099564,0.901948760993322,0.258230592653727,1.62563539596312e-05,0.00582593242738117,"tpr2tpr3"
"1085","AT3G16830",2814.49295084182,-1.39673202999437,0.0571758968372746,3.29243049795293e-133,7.78758585680806e-129,"tpr2tpr3"
"1086","AT3G28580",120.313990266475,1.05320180072866,0.295700825779639,1.3445143846673e-05,0.00530120735910017,"tpr2tpr3"
"1087","AT3G28890",219.208158844934,0.919280111264174,0.196618004367608,1.26456731345112e-07,0.000149554053325297,"tpr2tpr3"
"1088","AT3G29644",77.7916803859782,2.43405080557584,0.23599834477355,3.04410127000962e-26,1.02860181913625e-22,"tpr2tpr3"
"1089","AT3G33528",8.82007668306315,2.80056888262479,0.768355499634251,1.23301770424672e-05,0.00517957937617942,"tpr2tpr3"
"1090","AT3G45860",1168.55434817137,0.887608268322257,0.217765282509534,1.57920721352314e-06,0.00116728088192072,"tpr2tpr3"
"1091","AT3G50480",2798.23819694685,0.576647335706158,0.154862396778591,9.28823798457386e-06,0.00430773907939462,"tpr2tpr3"
"1092","AT3G57260",8546.55373747461,0.899431626469156,0.268904751814703,3.29099918307098e-05,0.00905139577641603,"tpr2tpr3"
"1093","AT4G22950",112.782042594017,0.967321045509194,0.213042779937623,2.33762960003199e-07,0.000221167811718226,"tpr2tpr3"
"1094","AT4G23310",69.0192725876071,1.16238351799628,0.264922663909832,4.19269452391834e-07,0.000367295568793483,"tpr2tpr3"
"1095","AT4G23320",228.116736807499,0.802596806010401,0.172534471743367,1.37358850539141e-07,0.000154711851990586,"tpr2tpr3"
"1096","AT4G25000",270.7437830962,1.45198581533907,0.271126745824009,3.32575482154533e-09,4.91650492462574e-06,"tpr2tpr3"
"1097","AT4G28390",395.799793776801,0.649353818550916,0.149613441287237,6.23143420241941e-07,0.00052640040424938,"tpr2tpr3"
"1098","AT4G39870-AT4G39880",110.039377935022,-1.15007449816406,0.293048046600157,3.04014936775038e-06,0.00194347710798377,"tpr2tpr3"
"1099","AT5G05060",672.453203430699,-1.19194883309805,0.138588440558455,3.61097683566977e-19,7.76458500855428e-16,"tpr2tpr3"
"1100","AT5G07030",456.771898920765,-0.758937045694839,0.181082099411753,1.15704522266726e-06,0.000882825504895122,"tpr2tpr3"
"1101","AT5G11920",131.203213615063,1.22596634378911,0.361920846187543,2.16318434237549e-05,0.00730939989288679,"tpr2tpr3"
"1102","AT5G18360",277.498919342644,0.587623841283153,0.0899396456418436,2.679229919408e-12,5.28098544031311e-09,"tpr2tpr3"
"1103","AT5G25250",724.25364168559,0.775192736548628,0.232596634344939,3.04793654827475e-05,0.00880399826813924,"tpr2tpr3"
"1104","AT5G27030",1921.00657751453,-1.87811199653269,0.129263619413928,4.62099373596936e-49,2.18600729673766e-45,"tpr2tpr3"
"1105","AT5G28320",101.496698822243,9.45005075743186,1.25813045486714,7.65951644806478e-28,3.0195090424346e-24,"tpr2tpr3"
"1106","AT5G28320-AT5G28330",406.980470594349,2.4057251722884,0.238224451563827,1.21933307254336e-25,3.60511064560853e-22,"tpr2tpr3"
"1107","AT5G35935",255.026333265644,6.64830793794651,0.359111607491039,9.16093167480684e-77,1.08341758452103e-72,"tpr2tpr3"
"1108","AT5G38120",87.215381164557,-0.835106757863451,0.235302780064263,1.4119818358065e-05,0.00530120735910017,"tpr2tpr3"
"1109","AT5G40230",75.0502454707844,0.97191666272493,0.239531259216022,1.88512578103937e-06,0.00135117818481589,"tpr2tpr3"
"1110","AT5G40690",147.200300754973,0.747860216594289,0.221192933639622,2.69589550199197e-05,0.00817513029597641,"tpr2tpr3"
"1111","AT5G44400",1290.52743796449,-0.634095342654432,0.137235566521652,1.44364741455585e-07,0.000155211783165861,"tpr2tpr3"
"1112","AT5G61350",69.7580470040462,-1.08908433666547,0.21172596740159,1.20388518604197e-08,1.49871033186583e-05,"tpr2tpr3"
"1113","AT5G66640",45.420516458637,1.01034831124354,0.253651672499974,2.57601744926465e-06,0.00174087259221305,"tpr2tpr3"
